app_config_id,deadline,delta_t,e_fail,e_fail_multiplier,lambda,num_nodes,repetition_id,restart_overhead,dynamic__off__off,dynamic__independent__off,random__off__off,random__independent__off,static_foresighted_expected_error__off__off,static_foresighted_expected_error__independent__off,static_foresighted_error_level__off__off,static_foresighted_error_level__independent__off,static_foresighted_probability_success__off__off,static_foresighted_probability_success__independent__off,static_foresighted_success_error_ratio__off__off,static_foresighted_success_error_ratio__independent__off,static_nearsighted_expected_error__off__off,static_nearsighted_expected_error__independent__off,static_nearsighted_error_level__off__off,static_nearsighted_error_level__independent__off,static_nearsighted_probability_success__off__off,static_nearsighted_probability_success__independent__off,static_nearsighted_success_error_ratio__off__off,static_nearsighted_success_error_ratio__independent__off,num_tasks,num_options_per_task,p_fastest_single,p_slowest_single,max_error
1,10000.0,5.0,313.0214,2.0,0.001,1,0,0.0,10.7268,10.7268,126.954,20.0737,15.4002,15.4002,10.7268,10.7268,59.3803,59.3803,10.7268,10.7268,15.4002,15.4002,10.7268,10.7268,156.511,156.511,10.7268,10.7268,3,"[2, 3, 4]",0.5229748790702403,0.0618936032153112,156.51072368694858
1,10000.0,5.0,782.5536,5.0,0.001,1,0,0.0,10.7268,10.7268,126.954,28.2731,20.0737,20.0737,10.7268,10.7268,59.3803,59.3803,10.7268,10.7268,15.4002,15.4002,10.7268,10.7268,156.511,156.511,10.7268,10.7268,3,"[2, 3, 4]",0.5229748790702403,0.0618936032153112,156.51072368694858
1,10000.0,5.0,313.0214,2.0,0.001,1,1,0.0,10.7268,10.7268,110.869,110.869,15.4002,15.4002,10.7268,10.7268,59.3803,59.3803,10.7268,10.7268,15.4002,15.4002,10.7268,10.7268,156.511,156.511,10.7268,10.7268,3,"[2, 3, 4]",0.5229748790702403,0.0618936032153112,156.51072368694858
1,10000.0,5.0,782.5536,5.0,0.001,1,1,0.0,10.7268,10.7268,52.9089,40.591,20.0737,20.0737,10.7268,10.7268,59.3803,59.3803,10.7268,10.7268,15.4002,15.4002,10.7268,10.7268,156.511,156.511,10.7268,10.7268,3,"[2, 3, 4]",0.5229748790702403,0.0618936032153112,156.51072368694858
1,10000.0,5.0,313.0214,2.0,0.001,1,2,0.0,10.7268,10.7268,65.2268,42.0637,15.4002,15.4002,10.7268,10.7268,59.3803,59.3803,10.7268,10.7268,15.4002,15.4002,10.7268,10.7268,156.511,156.511,10.7268,10.7268,3,"[2, 3, 4]",0.5229748790702403,0.0618936032153112,156.51072368694858
1,10000.0,5.0,782.5536,5.0,0.001,1,2,0.0,10.7268,10.7268,28.2731,15.4002,20.0737,20.0737,10.7268,10.7268,59.3803,59.3803,10.7268,10.7268,15.4002,15.4002,10.7268,10.7268,156.511,156.511,10.7268,10.7268,3,"[2, 3, 4]",0.5229748790702403,0.0618936032153112,156.51072368694858
1,10000.0,5.0,313.0214,2.0,0.001,1,3,0.0,10.7268,10.7268,313.021,15.4002,15.4002,15.4002,10.7268,10.7268,59.3803,59.3803,10.7268,10.7268,15.4002,15.4002,10.7268,10.7268,156.511,156.511,10.7268,10.7268,3,"[2, 3, 4]",0.5229748790702403,0.0618936032153112,156.51072368694858
1,10000.0,5.0,782.5536,5.0,0.001,1,3,0.0,10.7268,10.7268,65.2268,156.511,20.0737,20.0737,10.7268,10.7268,59.3803,59.3803,10.7268,10.7268,15.4002,20.0737,10.7268,10.7268,156.511,156.511,10.7268,10.7268,3,"[2, 3, 4]",0.5229748790702403,0.0618936032153112,156.51072368694858
1,10000.0,5.0,313.0214,2.0,0.001,1,4,0.0,10.7268,10.7268,48.057,15.4002,15.4002,15.4002,10.7268,10.7268,59.3803,59.3803,10.7268,10.7268,15.4002,15.4002,10.7268,10.7268,156.511,156.511,10.7268,10.7268,3,"[2, 3, 4]",0.5229748790702403,0.0618936032153112,156.51072368694858
1,10000.0,5.0,782.5536,5.0,0.001,1,4,0.0,10.7268,10.7268,34.1201,10.7268,20.0737,20.0737,10.7268,10.7268,59.3803,59.3803,10.7268,10.7268,15.4002,15.4002,10.7268,10.7268,156.511,156.511,10.7268,10.7268,3,"[2, 3, 4]",0.5229748790702403,0.0618936032153112,156.51072368694858
1,10000.0,5.0,313.0214,2.0,0.001,1,5,0.0,10.7268,10.7268,67.8409,25.7389,15.4002,15.4002,10.7268,10.7268,59.3803,59.3803,10.7268,10.7268,15.4002,20.0737,10.7268,10.7268,156.511,156.511,10.7268,10.7268,3,"[2, 3, 4]",0.5229748790702403,0.0618936032153112,156.51072368694858
1,10000.0,5.0,782.5536,5.0,0.001,1,5,0.0,10.7268,10.7268,42.0637,36.9527,20.0737,20.0737,10.7268,10.7268,59.3803,59.3803,10.7268,10.7268,15.4002,18.2328,10.7268,10.7268,156.511,156.511,10.7268,10.7268,3,"[2, 3, 4]",0.5229748790702403,0.0618936032153112,156.51072368694858
1,10000.0,5.0,313.0214,2.0,0.001,1,6,0.0,10.7268,10.7268,52.9089,42.0637,15.4002,15.4002,10.7268,10.7268,59.3803,59.3803,10.7268,10.7268,15.4002,15.4002,10.7268,10.7268,156.511,156.511,10.7268,10.7268,3,"[2, 3, 4]",0.5229748790702403,0.0618936032153112,156.51072368694858
1,10000.0,5.0,782.5536,5.0,0.001,1,6,0.0,10.7268,10.7268,89.9315,48.057,20.0737,20.0737,10.7268,10.7268,59.3803,59.3803,10.7268,10.7268,15.4002,15.4002,10.7268,10.7268,156.511,156.511,10.7268,10.7268,3,"[2, 3, 4]",0.5229748790702403,0.0618936032153112,156.51072368694858
1,10000.0,5.0,313.0214,2.0,0.001,1,7,0.0,10.7268,10.7268,67.8409,48.057,15.4002,15.4002,10.7268,10.7268,59.3803,59.3803,10.7268,10.7268,15.4002,15.4002,10.7268,10.7268,156.511,156.511,10.7268,10.7268,3,"[2, 3, 4]",0.5229748790702403,0.0618936032153112,156.51072368694858
1,10000.0,5.0,782.5536,5.0,0.001,1,7,0.0,10.7268,10.7268,40.591,10.7268,20.0737,20.0737,10.7268,10.7268,59.3803,59.3803,10.7268,10.7268,15.4002,15.4002,10.7268,10.7268,156.511,156.511,10.7268,10.7268,3,"[2, 3, 4]",0.5229748790702403,0.0618936032153112,156.51072368694858
1,10000.0,5.0,313.0214,2.0,0.001,1,8,0.0,10.7268,10.7268,18.2328,26.1765,15.4002,15.4002,10.7268,10.7268,59.3803,59.3803,10.7268,10.7268,15.4002,15.4002,10.7268,10.7268,156.511,156.511,10.7268,10.7268,3,"[2, 3, 4]",0.5229748790702403,0.0618936032153112,156.51072368694858
1,10000.0,5.0,782.5536,5.0,0.001,1,8,0.0,10.7268,10.7268,110.869,156.511,20.0737,20.0737,10.7268,10.7268,59.3803,59.3803,10.7268,10.7268,15.4002,15.4002,10.7268,10.7268,156.511,156.511,10.7268,10.7268,3,"[2, 3, 4]",0.5229748790702403,0.0618936032153112,156.51072368694858
1,10000.0,5.0,313.0214,2.0,0.001,1,9,0.0,10.7268,10.7268,24.7471,34.1201,15.4002,15.4002,10.7268,10.7268,59.3803,59.3803,10.7268,10.7268,15.4002,15.4002,10.7268,10.7268,156.511,156.511,10.7268,10.7268,3,"[2, 3, 4]",0.5229748790702403,0.0618936032153112,156.51072368694858
1,10000.0,5.0,782.5536,5.0,0.001,1,9,0.0,10.7268,10.7268,126.954,10.7268,20.0737,20.0737,10.7268,10.7268,59.3803,59.3803,10.7268,10.7268,15.4002,15.4002,10.7268,10.7268,156.511,156.511,10.7268,10.7268,3,"[2, 3, 4]",0.5229748790702403,0.0618936032153112,156.51072368694858
2,10000.0,5.0,4823.1519,2.0,0.001,1,0,0.0,38.4922,38.4922,4823.15,4823.15,38.4922,38.4922,4823.15,4823.15,150.635,150.635,4823.15,4823.15,38.4922,38.4922,4823.15,4823.15,150.635,150.635,4823.15,4823.15,4,"[2, 3, 2, 4]",0.41439503867138683,0.02223552635372223,2411.575937605661
2,10000.0,5.0,12057.8797,5.0,0.001,1,0,0.0,38.4922,38.4922,12057.9,300.91,38.4922,38.4922,12057.9,12057.9,150.635,150.635,12057.9,12057.9,38.4922,38.4922,12057.9,12057.9,150.635,150.635,12057.9,12057.9,4,"[2, 3, 2, 4]",0.41439503867138683,0.02223552635372223,2411.575937605661
2,10000.0,5.0,4823.1519,2.0,0.001,1,1,0.0,38.4922,38.4922,38.4922,38.4922,38.4922,38.4922,16.4982,16.4982,150.635,150.635,16.4982,16.4982,38.4922,38.4922,16.4982,16.4982,150.635,150.635,16.4982,16.4982,4,"[2, 3, 2, 4]",0.41439503867138683,0.02223552635372223,2411.575937605661
2,10000.0,5.0,12057.8797,5.0,0.001,1,1,0.0,38.4922,38.4922,150.635,82.3547,38.4922,38.4922,16.4982,16.4982,150.635,150.635,16.4982,16.4982,38.4922,38.4922,16.4982,16.4982,150.635,150.635,16.4982,16.4982,4,"[2, 3, 2, 4]",0.41439503867138683,0.02223552635372223,2411.575937605661
2,10000.0,5.0,4823.1519,2.0,0.001,1,2,0.0,4823.15,4823.15,4823.15,4823.15,4823.15,4823.15,4823.15,4823.15,4823.15,4823.15,4823.15,4823.15,4823.15,4823.15,4823.15,4823.15,4823.15,4823.15,4823.15,4823.15,4,"[2, 3, 2, 4]",0.41439503867138683,0.02223552635372223,2411.575937605661
2,10000.0,5.0,12057.8797,5.0,0.001,1,2,0.0,12057.9,12057.9,12057.9,12057.9,12057.9,12057.9,12057.9,12057.9,12057.9,12057.9,12057.9,12057.9,12057.9,12057.9,12057.9,12057.9,12057.9,12057.9,12057.9,12057.9,4,"[2, 3, 2, 4]",0.41439503867138683,0.02223552635372223,2411.575937605661
2,10000.0,5.0,4823.1519,2.0,0.001,1,3,0.0,38.4922,38.4922,4823.15,4823.15,38.4922,38.4922,4823.15,4823.15,150.635,150.635,4823.15,4823.15,38.4922,38.4922,4823.15,4823.15,150.635,150.635,4823.15,4823.15,4,"[2, 3, 2, 4]",0.41439503867138683,0.02223552635372223,2411.575937605661
2,10000.0,5.0,12057.8797,5.0,0.001,1,3,0.0,38.4922,38.4922,12057.9,12057.9,38.4922,38.4922,12057.9,12057.9,150.635,150.635,12057.9,12057.9,38.4922,38.4922,12057.9,12057.9,150.635,150.635,12057.9,12057.9,4,"[2, 3, 2, 4]",0.41439503867138683,0.02223552635372223,2411.575937605661
2,10000.0,5.0,4823.1519,2.0,0.001,1,4,0.0,4823.15,4823.15,4823.15,4823.15,4823.15,4823.15,4823.15,4823.15,4823.15,4823.15,4823.15,4823.15,4823.15,4823.15,4823.15,4823.15,4823.15,4823.15,4823.15,4823.15,4,"[2, 3, 2, 4]",0.41439503867138683,0.02223552635372223,2411.575937605661
2,10000.0,5.0,12057.8797,5.0,0.001,1,4,0.0,12057.9,12057.9,150.635,12057.9,12057.9,12057.9,12057.9,12057.9,12057.9,12057.9,12057.9,12057.9,12057.9,12057.9,12057.9,12057.9,12057.9,12057.9,12057.9,12057.9,4,"[2, 3, 2, 4]",0.41439503867138683,0.02223552635372223,2411.575937605661
2,10000.0,5.0,4823.1519,2.0,0.001,1,5,0.0,38.4922,38.4922,64.5638,1722.6,38.4922,38.4922,16.4982,16.4982,150.635,150.635,16.4982,16.4982,38.4922,38.4922,16.4982,16.4982,150.635,150.635,16.4982,16.4982,4,"[2, 3, 2, 4]",0.41439503867138683,0.02223552635372223,2411.575937605661
2,10000.0,5.0,12057.8797,5.0,0.001,1,5,0.0,38.4922,38.4922,198.135,264.127,38.4922,38.4922,16.4982,16.4982,150.635,150.635,16.4982,16.4982,38.4922,38.4922,16.4982,16.4982,150.635,150.635,16.4982,16.4982,4,"[2, 3, 2, 4]",0.41439503867138683,0.02223552635372223,2411.575937605661
2,10000.0,5.0,4823.1519,2.0,0.001,1,6,0.0,38.4922,38.4922,4823.15,4823.15,38.4922,38.4922,16.4982,16.4982,150.635,150.635,16.4982,16.4982,38.4922,38.4922,16.4982,16.4982,150.635,150.635,16.4982,16.4982,4,"[2, 3, 2, 4]",0.41439503867138683,0.02223552635372223,2411.575937605661
2,10000.0,5.0,12057.8797,5.0,0.001,1,6,0.0,38.4922,38.4922,601.462,220.223,38.4922,38.4922,16.4982,16.4982,150.635,150.635,16.4982,16.4982,38.4922,38.4922,16.4982,16.4982,150.635,150.635,16.4982,16.4982,4,"[2, 3, 2, 4]",0.41439503867138683,0.02223552635372223,2411.575937605661
2,10000.0,5.0,4823.1519,2.0,0.001,1,7,0.0,38.4922,38.4922,4823.15,308.303,38.4922,38.4922,16.4982,16.4982,150.635,150.635,16.4982,16.4982,38.4922,38.4922,16.4982,16.4982,150.635,150.635,16.4982,16.4982,4,"[2, 3, 2, 4]",0.41439503867138683,0.02223552635372223,2411.575937605661
2,10000.0,5.0,12057.8797,5.0,0.001,1,7,0.0,38.4922,38.4922,601.462,128.974,38.4922,38.4922,16.4982,16.4982,150.635,150.635,16.4982,16.4982,38.4922,38.4922,16.4982,16.4982,150.635,150.635,16.4982,16.4982,4,"[2, 3, 2, 4]",0.41439503867138683,0.02223552635372223,2411.575937605661
2,10000.0,5.0,4823.1519,2.0,0.001,1,8,0.0,4823.15,4823.15,4823.15,107.599,4823.15,4823.15,4823.15,4823.15,150.635,150.635,4823.15,4823.15,4823.15,4823.15,4823.15,4823.15,150.635,150.635,4823.15,4823.15,4,"[2, 3, 2, 4]",0.41439503867138683,0.02223552635372223,2411.575937605661
2,10000.0,5.0,12057.8797,5.0,0.001,1,8,0.0,12057.9,12057.9,12057.9,12057.9,12057.9,12057.9,12057.9,12057.9,150.635,150.635,12057.9,12057.9,12057.9,12057.9,12057.9,12057.9,150.635,150.635,12057.9,12057.9,4,"[2, 3, 2, 4]",0.41439503867138683,0.02223552635372223,2411.575937605661
2,10000.0,5.0,4823.1519,2.0,0.001,1,9,0.0,38.4922,38.4922,54.9249,4823.15,38.4922,38.4922,16.4982,16.4982,150.635,150.635,16.4982,16.4982,38.4922,38.4922,16.4982,16.4982,150.635,150.635,16.4982,16.4982,4,"[2, 3, 2, 4]",0.41439503867138683,0.02223552635372223,2411.575937605661
2,10000.0,5.0,12057.8797,5.0,0.001,1,9,0.0,38.4922,38.4922,27.4952,150.635,38.4922,38.4922,16.4982,16.4982,150.635,150.635,16.4982,16.4982,38.4922,38.4922,16.4982,16.4982,150.635,150.635,16.4982,16.4982,4,"[2, 3, 2, 4]",0.41439503867138683,0.02223552635372223,2411.575937605661
3,10000.0,5.0,619.6103,2.0,0.001,1,0,0.0,34.3185,34.3185,57.8574,101.561,34.3185,34.3185,34.3185,34.3185,104.935,104.935,34.3185,34.3185,34.3185,34.3185,34.3185,34.3185,619.61,619.61,34.3185,34.3185,3,"[4, 2, 4]",0.33959040663747253,0.05892520399412836,309.80515274873693
3,10000.0,5.0,1549.0258,5.0,0.001,1,0,0.0,34.3185,34.3185,1549.03,1549.03,34.3185,34.3185,34.3185,34.3185,104.935,104.935,34.3185,34.3185,34.3185,34.3185,34.3185,34.3185,1549.03,1549.03,34.3185,34.3185,3,"[4, 2, 4]",0.33959040663747253,0.05892520399412836,309.80515274873693
3,10000.0,5.0,619.6103,2.0,0.001,1,1,0.0,34.3185,34.3185,141.892,51.3226,34.3185,34.3185,34.3185,34.3185,104.935,104.935,34.3185,34.3185,34.3185,34.3185,34.3185,34.3185,182.925,182.925,34.3185,34.3185,3,"[4, 2, 4]",0.33959040663747253,0.05892520399412836,309.80515274873693
3,10000.0,5.0,1549.0258,5.0,0.001,1,1,0.0,34.3185,34.3185,122.264,122.264,34.3185,34.3185,34.3185,34.3185,104.935,104.935,34.3185,34.3185,34.3185,34.3185,34.3185,34.3185,182.925,182.925,34.3185,34.3185,3,"[4, 2, 4]",0.33959040663747253,0.05892520399412836,309.80515274873693
3,10000.0,5.0,619.6103,2.0,0.001,1,2,0.0,34.3185,34.3185,619.61,104.935,34.3185,34.3185,34.3185,34.3185,104.935,104.935,34.3185,34.3185,34.3185,34.3185,34.3185,34.3185,619.61,619.61,34.3185,34.3185,3,"[4, 2, 4]",0.33959040663747253,0.05892520399412836,309.80515274873693
3,10000.0,5.0,1549.0258,5.0,0.001,1,2,0.0,34.3185,34.3185,1549.03,81.3963,34.3185,34.3185,34.3185,34.3185,104.935,104.935,34.3185,34.3185,34.3185,34.3185,34.3185,34.3185,1549.03,1549.03,34.3185,34.3185,3,"[4, 2, 4]",0.33959040663747253,0.05892520399412836,309.80515274873693
3,10000.0,5.0,619.6103,2.0,0.001,1,3,0.0,34.3185,34.3185,51.3226,137.854,34.3185,34.3185,34.3185,34.3185,104.935,104.935,34.3185,34.3185,34.3185,34.3185,34.3185,34.3185,182.925,182.925,34.3185,34.3185,3,"[4, 2, 4]",0.33959040663747253,0.05892520399412836,309.80515274873693
3,10000.0,5.0,1549.0258,5.0,0.001,1,3,0.0,34.3185,34.3185,130.932,101.561,34.3185,34.3185,34.3185,34.3185,104.935,104.935,34.3185,34.3185,34.3185,34.3185,34.3185,34.3185,182.925,182.925,34.3185,34.3185,3,"[4, 2, 4]",0.33959040663747253,0.05892520399412836,309.80515274873693
3,10000.0,5.0,619.6103,2.0,0.001,1,4,0.0,34.3185,34.3185,59.8246,34.3185,34.3185,34.3185,34.3185,34.3185,104.935,104.935,34.3185,34.3185,34.3185,34.3185,34.3185,34.3185,182.925,182.925,34.3185,34.3185,3,"[4, 2, 4]",0.33959040663747253,0.05892520399412836,309.80515274873693
3,10000.0,5.0,1549.0258,5.0,0.001,1,4,0.0,34.3185,34.3185,97.9882,86.5246,34.3185,34.3185,34.3185,34.3185,104.935,104.935,34.3185,34.3185,34.3185,34.3185,34.3185,34.3185,182.925,182.925,34.3185,34.3185,3,"[4, 2, 4]",0.33959040663747253,0.05892520399412836,309.80515274873693
3,10000.0,5.0,619.6103,2.0,0.001,1,5,0.0,34.3185,34.3185,221.748,170.815,34.3185,34.3185,34.3185,34.3185,104.935,104.935,34.3185,34.3185,34.3185,34.3185,34.3185,34.3185,182.925,182.925,34.3185,34.3185,3,"[4, 2, 4]",0.33959040663747253,0.05892520399412836,309.80515274873693
3,10000.0,5.0,1549.0258,5.0,0.001,1,5,0.0,34.3185,34.3185,59.8246,206.158,34.3185,34.3185,34.3185,34.3185,104.935,104.935,34.3185,34.3185,34.3185,34.3185,34.3185,34.3185,182.925,182.925,34.3185,34.3185,3,"[4, 2, 4]",0.33959040663747253,0.05892520399412836,309.80515274873693
3,10000.0,5.0,619.6103,2.0,0.001,1,6,0.0,34.3185,34.3185,182.925,221.748,34.3185,34.3185,34.3185,34.3185,104.935,104.935,34.3185,34.3185,34.3185,34.3185,34.3185,34.3185,182.925,182.925,34.3185,34.3185,3,"[4, 2, 4]",0.33959040663747253,0.05892520399412836,309.80515274873693
3,10000.0,5.0,1549.0258,5.0,0.001,1,6,0.0,34.3185,34.3185,81.3963,1549.03,34.3185,34.3185,34.3185,34.3185,104.935,104.935,34.3185,34.3185,34.3185,34.3185,34.3185,34.3185,182.925,182.925,34.3185,34.3185,3,"[4, 2, 4]",0.33959040663747253,0.05892520399412836,309.80515274873693
3,10000.0,5.0,619.6103,2.0,0.001,1,7,0.0,34.3185,34.3185,100.858,34.3185,34.3185,34.3185,34.3185,34.3185,104.935,104.935,34.3185,34.3185,34.3185,34.3185,34.3185,34.3185,182.925,182.925,34.3185,34.3185,3,"[4, 2, 4]",0.33959040663747253,0.05892520399412836,309.80515274873693
3,10000.0,5.0,1549.0258,5.0,0.001,1,7,0.0,34.3185,34.3185,141.892,58.1223,34.3185,34.3185,34.3185,34.3185,104.935,104.935,34.3185,34.3185,34.3185,34.3185,34.3185,34.3185,182.925,182.925,34.3185,34.3185,3,"[4, 2, 4]",0.33959040663747253,0.05892520399412836,309.80515274873693
3,10000.0,5.0,619.6103,2.0,0.001,1,8,0.0,34.3185,34.3185,177.72,122.264,34.3185,34.3185,34.3185,34.3185,104.935,104.935,34.3185,34.3185,34.3185,34.3185,34.3185,34.3185,182.925,182.925,34.3185,34.3185,3,"[4, 2, 4]",0.33959040663747253,0.05892520399412836,309.80515274873693
3,10000.0,5.0,1549.0258,5.0,0.001,1,8,0.0,34.3185,34.3185,172.006,141.892,34.3185,34.3185,34.3185,34.3185,104.935,104.935,34.3185,34.3185,34.3185,34.3185,34.3185,34.3185,182.925,182.925,34.3185,34.3185,3,"[4, 2, 4]",0.33959040663747253,0.05892520399412836,309.80515274873693
3,10000.0,5.0,619.6103,2.0,0.001,1,9,0.0,34.3185,34.3185,130.932,121.727,34.3185,34.3185,34.3185,34.3185,104.935,104.935,34.3185,34.3185,34.3185,34.3185,34.3185,34.3185,182.925,182.925,34.3185,34.3185,3,"[4, 2, 4]",0.33959040663747253,0.05892520399412836,309.80515274873693
3,10000.0,5.0,1549.0258,5.0,0.001,1,9,0.0,34.3185,34.3185,182.925,81.3963,34.3185,34.3185,34.3185,34.3185,104.935,104.935,34.3185,34.3185,34.3185,34.3185,34.3185,34.3185,182.925,182.925,34.3185,34.3185,3,"[4, 2, 4]",0.33959040663747253,0.05892520399412836,309.80515274873693
4,10000.0,5.0,620.0674,2.0,0.001,1,0,0.0,49.8856,49.8856,100.879,75.3824,54.1978,54.1978,620.067,620.067,100.879,100.879,620.067,620.067,40.4995,40.4995,620.067,620.067,100.879,100.879,620.067,620.067,3,"[3, 4, 2]",0.4357531682015154,0.026704237777807085,310.03368600484464
4,10000.0,5.0,1550.1684,5.0,0.001,1,0,0.0,75.3824,75.3824,49.8856,49.8856,54.1978,54.1978,1550.17,1550.17,100.879,100.879,1550.17,1550.17,54.1978,54.1978,1550.17,1550.17,100.879,100.879,1550.17,1550.17,3,"[3, 4, 2]",0.4357531682015154,0.026704237777807085,310.03368600484464
4,10000.0,5.0,620.0674,2.0,0.001,1,1,0.0,26.8012,26.8012,54.5849,75.3824,54.1978,54.1978,620.067,620.067,100.879,100.879,620.067,620.067,40.4995,40.4995,620.067,620.067,100.879,100.879,620.067,620.067,3,"[3, 4, 2]",0.4357531682015154,0.026704237777807085,310.03368600484464
4,10000.0,5.0,1550.1684,5.0,0.001,1,1,0.0,26.8012,26.8012,100.879,1550.17,54.1978,54.1978,1550.17,1550.17,100.879,100.879,1550.17,1550.17,54.1978,54.1978,1550.17,1550.17,100.879,100.879,1550.17,1550.17,3,"[3, 4, 2]",0.4357531682015154,0.026704237777807085,310.03368600484464
4,10000.0,5.0,620.0674,2.0,0.001,1,2,0.0,54.1978,54.1978,620.067,620.067,54.1978,54.1978,620.067,620.067,100.879,100.879,620.067,620.067,40.4995,75.3824,620.067,24.3887,100.879,100.879,620.067,24.3887,3,"[3, 4, 2]",0.4357531682015154,0.026704237777807085,310.03368600484464
4,10000.0,5.0,1550.1684,5.0,0.001,1,2,0.0,54.1978,54.1978,100.879,1550.17,54.1978,54.1978,1550.17,1550.17,100.879,100.879,1550.17,1550.17,54.1978,54.1978,1550.17,24.3887,100.879,100.879,1550.17,24.3887,3,"[3, 4, 2]",0.4357531682015154,0.026704237777807085,310.03368600484464
4,10000.0,5.0,620.0674,2.0,0.001,1,3,0.0,54.1978,54.1978,620.067,153.528,54.1978,54.1978,620.067,620.067,100.879,100.879,620.067,620.067,40.4995,40.4995,620.067,620.067,100.879,100.879,620.067,620.067,3,"[3, 4, 2]",0.4357531682015154,0.026704237777807085,310.03368600484464
4,10000.0,5.0,1550.1684,5.0,0.001,1,3,0.0,100.879,100.879,1550.17,100.879,54.1978,54.1978,1550.17,1550.17,100.879,100.879,1550.17,1550.17,54.1978,54.1978,1550.17,1550.17,100.879,100.879,1550.17,1550.17,3,"[3, 4, 2]",0.4357531682015154,0.026704237777807085,310.03368600484464
4,10000.0,5.0,620.0674,2.0,0.001,1,4,0.0,26.8012,26.8012,205.456,54.1978,54.1978,54.1978,13.1029,13.1029,100.879,100.879,13.1029,13.1029,40.4995,40.4995,13.1029,13.1029,100.879,100.879,13.1029,13.1029,3,"[3, 4, 2]",0.4357531682015154,0.026704237777807085,310.03368600484464
4,10000.0,5.0,1550.1684,5.0,0.001,1,4,0.0,26.8012,26.8012,1550.17,310.034,54.1978,54.1978,13.1029,13.1029,100.879,100.879,13.1029,13.1029,54.1978,54.1978,13.1029,13.1029,100.879,100.879,13.1029,13.1029,3,"[3, 4, 2]",0.4357531682015154,0.026704237777807085,310.03368600484464
4,10000.0,5.0,620.0674,2.0,0.001,1,5,0.0,24.3887,24.3887,100.879,100.879,620.067,620.067,620.067,620.067,100.879,100.879,620.067,620.067,620.067,620.067,620.067,620.067,100.879,100.879,620.067,620.067,3,"[3, 4, 2]",0.4357531682015154,0.026704237777807085,310.03368600484464
4,10000.0,5.0,1550.1684,5.0,0.001,1,5,0.0,24.3887,24.3887,49.8856,231.674,1550.17,1550.17,1550.17,1550.17,100.879,100.879,1550.17,1550.17,1550.17,1550.17,1550.17,1550.17,100.879,100.879,1550.17,1550.17,3,"[3, 4, 2]",0.4357531682015154,0.026704237777807085,310.03368600484464
4,10000.0,5.0,620.0674,2.0,0.001,1,6,0.0,75.3824,75.3824,100.879,620.067,54.1978,54.1978,620.067,620.067,100.879,100.879,620.067,620.067,620.067,54.1978,620.067,620.067,100.879,100.879,620.067,620.067,3,"[3, 4, 2]",0.4357531682015154,0.026704237777807085,310.03368600484464
4,10000.0,5.0,1550.1684,5.0,0.001,1,6,0.0,100.879,100.879,205.456,100.879,54.1978,54.1978,1550.17,1550.17,100.879,100.879,1550.17,1550.17,54.1978,54.1978,1550.17,1550.17,100.879,100.879,1550.17,1550.17,3,"[3, 4, 2]",0.4357531682015154,0.026704237777807085,310.03368600484464
4,10000.0,5.0,620.0674,2.0,0.001,1,7,0.0,13.1029,13.1029,74.9543,26.6862,54.1978,54.1978,13.1029,13.1029,100.879,100.879,13.1029,13.1029,40.4995,54.1978,13.1029,13.1029,100.879,100.879,13.1029,13.1029,3,"[3, 4, 2]",0.4357531682015154,0.026704237777807085,310.03368600484464
4,10000.0,5.0,1550.1684,5.0,0.001,1,7,0.0,26.8012,26.8012,26.8012,75.3824,54.1978,54.1978,13.1029,13.1029,100.879,100.879,13.1029,13.1029,54.1978,54.1978,13.1029,13.1029,100.879,100.879,13.1029,13.1029,3,"[3, 4, 2]",0.4357531682015154,0.026704237777807085,310.03368600484464
4,10000.0,5.0,620.0674,2.0,0.001,1,8,0.0,75.3824,75.3824,620.067,100.879,54.1978,54.1978,620.067,620.067,100.879,100.879,620.067,620.067,40.4995,40.4995,620.067,620.067,100.879,100.879,620.067,620.067,3,"[3, 4, 2]",0.4357531682015154,0.026704237777807085,310.03368600484464
4,10000.0,5.0,1550.1684,5.0,0.001,1,8,0.0,75.3824,75.3824,100.879,153.528,54.1978,54.1978,1550.17,1550.17,100.879,100.879,1550.17,1550.17,54.1978,54.1978,1550.17,1550.17,100.879,100.879,1550.17,1550.17,3,"[3, 4, 2]",0.4357531682015154,0.026704237777807085,310.03368600484464
4,10000.0,5.0,620.0674,2.0,0.001,1,9,0.0,100.879,100.879,231.674,54.1978,54.1978,54.1978,620.067,620.067,100.879,100.879,620.067,620.067,40.4995,40.4995,620.067,620.067,100.879,100.879,620.067,620.067,3,"[3, 4, 2]",0.4357531682015154,0.026704237777807085,310.03368600484464
4,10000.0,5.0,1550.1684,5.0,0.001,1,9,0.0,26.8012,26.8012,205.456,1550.17,54.1978,54.1978,1550.17,1550.17,100.879,100.879,1550.17,1550.17,54.1978,54.1978,1550.17,1550.17,100.879,100.879,1550.17,1550.17,3,"[3, 4, 2]",0.4357531682015154,0.026704237777807085,310.03368600484464
5,10000.0,5.0,100.1063,2.0,0.001,1,0,0.0,3.81703,3.81703,50.0532,3.81703,3.81703,3.81703,3.81703,3.81703,15.9949,15.9949,3.81703,3.81703,3.81703,3.81703,3.81703,3.81703,15.9949,15.9949,3.81703,3.81703,2,"[3, 2]",0.6318958716441111,0.14563642603517699,50.05315834879799
5,10000.0,5.0,250.2658,5.0,0.001,1,0,0.0,3.81703,3.81703,50.0532,9.90597,3.81703,3.81703,3.81703,3.81703,15.9949,15.9949,3.81703,3.81703,9.90597,9.90597,3.81703,3.81703,15.9949,15.9949,3.81703,3.81703,2,"[3, 2]",0.6318958716441111,0.14563642603517699,50.05315834879799
5,10000.0,5.0,100.1063,2.0,0.001,1,1,0.0,3.81703,3.81703,50.0532,3.81703,3.81703,3.81703,3.81703,3.81703,15.9949,15.9949,3.81703,3.81703,3.81703,3.81703,3.81703,3.81703,15.9949,15.9949,3.81703,3.81703,2,"[3, 2]",0.6318958716441111,0.14563642603517699,50.05315834879799
5,10000.0,5.0,250.2658,5.0,0.001,1,1,0.0,3.81703,3.81703,9.90597,3.81703,3.81703,3.81703,3.81703,3.81703,15.9949,15.9949,3.81703,3.81703,9.90597,9.90597,3.81703,3.81703,15.9949,15.9949,3.81703,3.81703,2,"[3, 2]",0.6318958716441111,0.14563642603517699,50.05315834879799
5,10000.0,5.0,100.1063,2.0,0.001,1,2,0.0,3.81703,3.81703,3.81703,9.90597,3.81703,3.81703,3.81703,3.81703,15.9949,15.9949,3.81703,3.81703,3.81703,3.81703,3.81703,3.81703,15.9949,15.9949,3.81703,3.81703,2,"[3, 2]",0.6318958716441111,0.14563642603517699,50.05315834879799
5,10000.0,5.0,250.2658,5.0,0.001,1,2,0.0,3.81703,3.81703,9.90597,3.81703,3.81703,3.81703,3.81703,3.81703,15.9949,15.9949,3.81703,3.81703,9.90597,9.90597,3.81703,3.81703,15.9949,15.9949,3.81703,3.81703,2,"[3, 2]",0.6318958716441111,0.14563642603517699,50.05315834879799
5,10000.0,5.0,100.1063,2.0,0.001,1,3,0.0,3.81703,3.81703,9.90597,3.81703,3.81703,3.81703,3.81703,3.81703,15.9949,15.9949,3.81703,3.81703,3.81703,3.81703,3.81703,3.81703,15.9949,15.9949,3.81703,3.81703,2,"[3, 2]",0.6318958716441111,0.14563642603517699,50.05315834879799
5,10000.0,5.0,250.2658,5.0,0.001,1,3,0.0,3.81703,3.81703,50.0532,9.90597,3.81703,3.81703,3.81703,3.81703,15.9949,15.9949,3.81703,3.81703,9.90597,9.90597,3.81703,3.81703,15.9949,15.9949,3.81703,3.81703,2,"[3, 2]",0.6318958716441111,0.14563642603517699,50.05315834879799
5,10000.0,5.0,100.1063,2.0,0.001,1,4,0.0,3.81703,3.81703,9.90597,11.9447,3.81703,3.81703,3.81703,3.81703,15.9949,15.9949,3.81703,3.81703,3.81703,3.81703,3.81703,3.81703,15.9949,15.9949,3.81703,3.81703,2,"[3, 2]",0.6318958716441111,0.14563642603517699,50.05315834879799
5,10000.0,5.0,250.2658,5.0,0.001,1,4,0.0,3.81703,3.81703,11.9447,3.81703,3.81703,3.81703,3.81703,3.81703,15.9949,15.9949,3.81703,3.81703,9.90597,9.90597,3.81703,3.81703,15.9949,15.9949,3.81703,3.81703,2,"[3, 2]",0.6318958716441111,0.14563642603517699,50.05315834879799
5,10000.0,5.0,100.1063,2.0,0.001,1,5,0.0,3.81703,3.81703,15.9949,3.81703,3.81703,3.81703,3.81703,3.81703,15.9949,15.9949,3.81703,3.81703,3.81703,3.81703,3.81703,3.81703,15.9949,15.9949,3.81703,3.81703,2,"[3, 2]",0.6318958716441111,0.14563642603517699,50.05315834879799
5,10000.0,5.0,250.2658,5.0,0.001,1,5,0.0,3.81703,3.81703,3.81703,3.81703,3.81703,3.81703,3.81703,3.81703,15.9949,15.9949,3.81703,3.81703,9.90597,9.90597,3.81703,3.81703,15.9949,15.9949,3.81703,3.81703,2,"[3, 2]",0.6318958716441111,0.14563642603517699,50.05315834879799
5,10000.0,5.0,100.1063,2.0,0.001,1,6,0.0,3.81703,3.81703,15.9949,3.81703,3.81703,3.81703,3.81703,3.81703,15.9949,15.9949,3.81703,3.81703,3.81703,3.81703,3.81703,3.81703,15.9949,15.9949,3.81703,3.81703,2,"[3, 2]",0.6318958716441111,0.14563642603517699,50.05315834879799
5,10000.0,5.0,250.2658,5.0,0.001,1,6,0.0,3.81703,3.81703,11.9447,3.81703,3.81703,3.81703,3.81703,3.81703,15.9949,15.9949,3.81703,3.81703,9.90597,9.90597,3.81703,3.81703,15.9949,15.9949,3.81703,3.81703,2,"[3, 2]",0.6318958716441111,0.14563642603517699,50.05315834879799
5,10000.0,5.0,100.1063,2.0,0.001,1,7,0.0,3.81703,3.81703,9.90597,15.9949,3.81703,3.81703,3.81703,3.81703,15.9949,15.9949,3.81703,3.81703,3.81703,3.81703,3.81703,3.81703,15.9949,15.9949,3.81703,3.81703,2,"[3, 2]",0.6318958716441111,0.14563642603517699,50.05315834879799
5,10000.0,5.0,250.2658,5.0,0.001,1,7,0.0,3.81703,3.81703,11.9447,3.81703,3.81703,3.81703,3.81703,3.81703,15.9949,15.9949,3.81703,3.81703,9.90597,9.90597,3.81703,3.81703,15.9949,15.9949,3.81703,3.81703,2,"[3, 2]",0.6318958716441111,0.14563642603517699,50.05315834879799
5,10000.0,5.0,100.1063,2.0,0.001,1,8,0.0,3.81703,3.81703,15.9949,3.81703,3.81703,3.81703,3.81703,3.81703,15.9949,15.9949,3.81703,3.81703,3.81703,3.81703,3.81703,3.81703,15.9949,15.9949,3.81703,3.81703,2,"[3, 2]",0.6318958716441111,0.14563642603517699,50.05315834879799
5,10000.0,5.0,250.2658,5.0,0.001,1,8,0.0,3.81703,3.81703,50.0532,9.90597,3.81703,3.81703,3.81703,3.81703,15.9949,15.9949,3.81703,3.81703,9.90597,9.90597,3.81703,3.81703,15.9949,15.9949,3.81703,3.81703,2,"[3, 2]",0.6318958716441111,0.14563642603517699,50.05315834879799
5,10000.0,5.0,100.1063,2.0,0.001,1,9,0.0,9.90597,9.90597,50.0532,15.9949,100.106,100.106,100.106,100.106,15.9949,15.9949,100.106,100.106,100.106,100.106,100.106,100.106,15.9949,15.9949,100.106,100.106,2,"[3, 2]",0.6318958716441111,0.14563642603517699,50.05315834879799
5,10000.0,5.0,250.2658,5.0,0.001,1,9,0.0,9.90597,9.90597,50.0532,9.90597,250.266,250.266,250.266,250.266,15.9949,15.9949,250.266,250.266,9.90597,9.90597,250.266,250.266,15.9949,15.9949,250.266,250.266,2,"[3, 2]",0.6318958716441111,0.14563642603517699,50.05315834879799
6,10000.0,5.0,25.5725,2.0,0.001,1,0,0.0,2.4152,2.4152,10.0165,2.4152,2.4152,2.4152,2.4152,2.4152,6.89802,6.89802,2.4152,2.4152,2.4152,2.4152,2.4152,2.4152,6.89802,6.89802,2.4152,2.4152,2,"[3, 4]",0.7922238538050611,0.2806782365913902,12.786262842149998
6,10000.0,5.0,63.9313,5.0,0.001,1,0,0.0,2.4152,2.4152,4.47685,3.44602,2.4152,2.4152,2.4152,2.4152,6.89802,6.89802,2.4152,2.4152,2.4152,2.4152,2.4152,2.4152,6.89802,6.89802,2.4152,2.4152,2,"[3, 4]",0.7922238538050611,0.2806782365913902,12.786262842149998
6,10000.0,5.0,25.5725,2.0,0.001,1,1,0.0,2.4152,2.4152,12.7863,5.40375,2.4152,2.4152,2.4152,2.4152,6.89802,6.89802,2.4152,2.4152,2.4152,2.4152,2.4152,2.4152,6.89802,6.89802,2.4152,2.4152,2,"[3, 4]",0.7922238538050611,0.2806782365913902,12.786262842149998
6,10000.0,5.0,63.9313,5.0,0.001,1,1,0.0,2.4152,2.4152,7.7101,3.44602,2.4152,2.4152,2.4152,2.4152,6.89802,6.89802,2.4152,2.4152,2.4152,2.4152,2.4152,2.4152,6.89802,6.89802,2.4152,2.4152,2,"[3, 4]",0.7922238538050611,0.2806782365913902,12.786262842149998
6,10000.0,5.0,25.5725,2.0,0.001,1,2,0.0,2.4152,2.4152,3.90947,4.47685,2.4152,2.4152,2.4152,2.4152,6.89802,6.89802,2.4152,2.4152,2.4152,2.4152,2.4152,2.4152,6.89802,6.89802,2.4152,2.4152,2,"[3, 4]",0.7922238538050611,0.2806782365913902,12.786262842149998
6,10000.0,5.0,63.9313,5.0,0.001,1,2,0.0,2.4152,2.4152,7.24665,2.4152,2.4152,2.4152,2.4152,2.4152,6.89802,6.89802,2.4152,2.4152,2.4152,2.4152,2.4152,2.4152,6.89802,6.89802,2.4152,2.4152,2,"[3, 4]",0.7922238538050611,0.2806782365913902,12.786262842149998
6,10000.0,5.0,25.5725,2.0,0.001,1,3,0.0,2.4152,2.4152,2.4152,2.4152,2.4152,2.4152,2.4152,2.4152,6.89802,6.89802,2.4152,2.4152,2.4152,2.4152,2.4152,2.4152,6.89802,6.89802,2.4152,2.4152,2,"[3, 4]",0.7922238538050611,0.2806782365913902,12.786262842149998
6,10000.0,5.0,63.9313,5.0,0.001,1,3,0.0,2.4152,2.4152,7.24665,5.57806,2.4152,2.4152,2.4152,2.4152,6.89802,6.89802,2.4152,2.4152,2.4152,2.4152,2.4152,2.4152,6.89802,6.89802,2.4152,2.4152,2,"[3, 4]",0.7922238538050611,0.2806782365913902,12.786262842149998
6,10000.0,5.0,25.5725,2.0,0.001,1,4,0.0,2.4152,2.4152,3.90947,5.57806,2.4152,2.4152,2.4152,2.4152,6.89802,6.89802,2.4152,2.4152,2.4152,2.4152,2.4152,2.4152,6.89802,6.89802,2.4152,2.4152,2,"[3, 4]",0.7922238538050611,0.2806782365913902,12.786262842149998
6,10000.0,5.0,63.9313,5.0,0.001,1,4,0.0,2.4152,2.4152,9.84214,3.44602,2.4152,2.4152,2.4152,2.4152,6.89802,6.89802,2.4152,2.4152,2.4152,2.4152,2.4152,2.4152,6.89802,6.89802,2.4152,2.4152,2,"[3, 4]",0.7922238538050611,0.2806782365913902,12.786262842149998
6,10000.0,5.0,25.5725,2.0,0.001,1,5,0.0,2.4152,2.4152,6.89802,6.89802,2.4152,2.4152,2.4152,2.4152,6.89802,6.89802,2.4152,2.4152,2.4152,2.4152,2.4152,2.4152,6.89802,6.89802,2.4152,2.4152,2,"[3, 4]",0.7922238538050611,0.2806782365913902,12.786262842149998
6,10000.0,5.0,63.9313,5.0,0.001,1,5,0.0,2.4152,2.4152,63.9313,3.44602,2.4152,2.4152,2.4152,2.4152,6.89802,6.89802,2.4152,2.4152,2.4152,2.4152,2.4152,2.4152,6.89802,6.89802,2.4152,2.4152,2,"[3, 4]",0.7922238538050611,0.2806782365913902,12.786262842149998
6,10000.0,5.0,25.5725,2.0,0.001,1,6,0.0,2.4152,2.4152,4.47685,2.4152,2.4152,2.4152,2.4152,2.4152,6.89802,6.89802,2.4152,2.4152,2.4152,2.4152,2.4152,2.4152,6.89802,6.89802,2.4152,2.4152,2,"[3, 4]",0.7922238538050611,0.2806782365913902,12.786262842149998
6,10000.0,5.0,63.9313,5.0,0.001,1,6,0.0,2.4152,2.4152,4.47685,2.4152,2.4152,2.4152,2.4152,2.4152,6.89802,6.89802,2.4152,2.4152,2.4152,2.4152,2.4152,2.4152,6.89802,6.89802,2.4152,2.4152,2,"[3, 4]",0.7922238538050611,0.2806782365913902,12.786262842149998
6,10000.0,5.0,25.5725,2.0,0.001,1,7,0.0,2.4152,2.4152,5.40375,3.90947,2.4152,2.4152,2.4152,2.4152,6.89802,6.89802,2.4152,2.4152,2.4152,2.4152,2.4152,2.4152,6.89802,6.89802,2.4152,2.4152,2,"[3, 4]",0.7922238538050611,0.2806782365913902,12.786262842149998
6,10000.0,5.0,63.9313,5.0,0.001,1,7,0.0,2.4152,2.4152,12.7863,3.90947,2.4152,2.4152,2.4152,2.4152,6.89802,6.89802,2.4152,2.4152,2.4152,2.4152,2.4152,2.4152,6.89802,6.89802,2.4152,2.4152,2,"[3, 4]",0.7922238538050611,0.2806782365913902,12.786262842149998
6,10000.0,5.0,25.5725,2.0,0.001,1,8,0.0,2.4152,2.4152,7.7101,2.4152,2.4152,2.4152,2.4152,2.4152,6.89802,6.89802,2.4152,2.4152,2.4152,2.4152,2.4152,2.4152,6.89802,6.89802,2.4152,2.4152,2,"[3, 4]",0.7922238538050611,0.2806782365913902,12.786262842149998
6,10000.0,5.0,63.9313,5.0,0.001,1,8,0.0,2.4152,2.4152,5.40375,4.47685,2.4152,2.4152,2.4152,2.4152,6.89802,6.89802,2.4152,2.4152,2.4152,2.4152,2.4152,2.4152,6.89802,6.89802,2.4152,2.4152,2,"[3, 4]",0.7922238538050611,0.2806782365913902,12.786262842149998
6,10000.0,5.0,25.5725,2.0,0.001,1,9,0.0,2.4152,2.4152,5.57806,3.44602,2.4152,2.4152,2.4152,2.4152,6.89802,6.89802,2.4152,2.4152,2.4152,2.4152,2.4152,2.4152,6.89802,6.89802,2.4152,2.4152,2,"[3, 4]",0.7922238538050611,0.2806782365913902,12.786262842149998
6,10000.0,5.0,63.9313,5.0,0.001,1,9,0.0,2.4152,2.4152,7.7101,6.89802,2.4152,2.4152,2.4152,2.4152,6.89802,6.89802,2.4152,2.4152,2.4152,2.4152,2.4152,2.4152,6.89802,6.89802,2.4152,2.4152,2,"[3, 4]",0.7922238538050611,0.2806782365913902,12.786262842149998
7,10000.0,5.0,46.2985,2.0,0.001,1,0,0.0,46.2985,46.2985,46.2985,46.2985,46.2985,46.2985,46.2985,46.2985,46.2985,46.2985,46.2985,46.2985,46.2985,46.2985,46.2985,46.2985,46.2985,46.2985,46.2985,46.2985,2,"[4, 2]",0.47188578313666013,0.038945904717395674,23.149258685983998
7,10000.0,5.0,115.7463,5.0,0.001,1,0,0.0,115.746,115.746,115.746,115.746,115.746,115.746,115.746,115.746,115.746,115.746,115.746,115.746,115.746,115.746,115.746,115.746,115.746,115.746,115.746,115.746,2,"[4, 2]",0.47188578313666013,0.038945904717395674,23.149258685983998
7,10000.0,5.0,46.2985,2.0,0.001,1,1,0.0,3.96871,3.96871,7.40881,10.064,10.064,10.064,3.96871,3.96871,23.1493,23.1493,3.96871,3.96871,14.4257,7.40881,3.96871,3.96871,23.1493,23.1493,3.96871,3.96871,2,"[4, 2]",0.47188578313666013,0.038945904717395674,23.149258685983998
7,10000.0,5.0,115.7463,5.0,0.001,1,1,0.0,3.96871,3.96871,9.12886,5.68876,14.4257,14.4257,3.96871,3.96871,23.1493,23.1493,3.96871,3.96871,18.7875,9.12886,3.96871,3.96871,23.1493,23.1493,3.96871,3.96871,2,"[4, 2]",0.47188578313666013,0.038945904717395674,23.149258685983998
7,10000.0,5.0,46.2985,2.0,0.001,1,2,0.0,46.2985,46.2985,9.12886,23.1493,46.2985,46.2985,46.2985,46.2985,23.1493,23.1493,46.2985,46.2985,46.2985,46.2985,46.2985,46.2985,23.1493,23.1493,46.2985,46.2985,2,"[4, 2]",0.47188578313666013,0.038945904717395674,23.149258685983998
7,10000.0,5.0,115.7463,5.0,0.001,1,2,0.0,23.1493,23.1493,9.12886,115.746,115.746,115.746,115.746,115.746,23.1493,23.1493,115.746,115.746,115.746,115.746,115.746,115.746,23.1493,23.1493,115.746,115.746,2,"[4, 2]",0.47188578313666013,0.038945904717395674,23.149258685983998
7,10000.0,5.0,46.2985,2.0,0.001,1,3,0.0,3.96871,3.96871,9.12886,23.1493,10.064,10.064,3.96871,3.96871,23.1493,23.1493,3.96871,3.96871,14.4257,14.4257,3.96871,3.96871,23.1493,23.1493,3.96871,3.96871,2,"[4, 2]",0.47188578313666013,0.038945904717395674,23.149258685983998
7,10000.0,5.0,115.7463,5.0,0.001,1,3,0.0,10.064,10.064,18.7875,3.96871,14.4257,14.4257,3.96871,3.96871,23.1493,23.1493,3.96871,3.96871,18.7875,18.7875,3.96871,3.96871,23.1493,23.1493,3.96871,3.96871,2,"[4, 2]",0.47188578313666013,0.038945904717395674,23.149258685983998
7,10000.0,5.0,46.2985,2.0,0.001,1,4,0.0,10.064,10.064,46.2985,14.4257,10.064,10.064,46.2985,46.2985,46.2985,46.2985,46.2985,46.2985,14.4257,14.4257,46.2985,46.2985,46.2985,46.2985,46.2985,46.2985,2,"[4, 2]",0.47188578313666013,0.038945904717395674,23.149258685983998
7,10000.0,5.0,115.7463,5.0,0.001,1,4,0.0,10.064,10.064,115.746,115.746,14.4257,14.4257,115.746,115.746,115.746,115.746,115.746,115.746,115.746,115.746,115.746,115.746,115.746,115.746,115.746,115.746,2,"[4, 2]",0.47188578313666013,0.038945904717395674,23.149258685983998
7,10000.0,5.0,46.2985,2.0,0.001,1,5,0.0,10.064,10.064,23.1493,18.7875,10.064,10.064,46.2985,46.2985,23.1493,23.1493,46.2985,46.2985,14.4257,14.4257,46.2985,46.2985,23.1493,23.1493,46.2985,46.2985,2,"[4, 2]",0.47188578313666013,0.038945904717395674,23.149258685983998
7,10000.0,5.0,115.7463,5.0,0.001,1,5,0.0,10.064,10.064,23.1493,23.1493,14.4257,14.4257,115.746,115.746,23.1493,23.1493,115.746,115.746,18.7875,18.7875,115.746,115.746,23.1493,23.1493,115.746,115.746,2,"[4, 2]",0.47188578313666013,0.038945904717395674,23.149258685983998
7,10000.0,5.0,46.2985,2.0,0.001,1,6,0.0,10.064,10.064,14.4257,18.7875,10.064,10.064,3.96871,3.96871,23.1493,23.1493,3.96871,3.96871,14.4257,14.4257,3.96871,3.96871,23.1493,23.1493,3.96871,3.96871,2,"[4, 2]",0.47188578313666013,0.038945904717395674,23.149258685983998
7,10000.0,5.0,115.7463,5.0,0.001,1,6,0.0,10.064,10.064,5.68876,10.064,14.4257,14.4257,3.96871,3.96871,23.1493,23.1493,3.96871,3.96871,18.7875,18.7875,3.96871,3.96871,23.1493,23.1493,3.96871,3.96871,2,"[4, 2]",0.47188578313666013,0.038945904717395674,23.149258685983998
7,10000.0,5.0,46.2985,2.0,0.001,1,7,0.0,3.96871,3.96871,23.1493,9.12886,10.064,10.064,3.96871,3.96871,23.1493,23.1493,3.96871,3.96871,14.4257,9.12886,3.96871,3.96871,23.1493,23.1493,3.96871,3.96871,2,"[4, 2]",0.47188578313666013,0.038945904717395674,23.149258685983998
7,10000.0,5.0,115.7463,5.0,0.001,1,7,0.0,3.96871,3.96871,14.4257,10.064,14.4257,14.4257,3.96871,3.96871,23.1493,23.1493,3.96871,3.96871,18.7875,9.12886,3.96871,3.96871,23.1493,23.1493,3.96871,3.96871,2,"[4, 2]",0.47188578313666013,0.038945904717395674,23.149258685983998
7,10000.0,5.0,46.2985,2.0,0.001,1,8,0.0,10.064,10.064,10.064,10.064,10.064,10.064,3.96871,3.96871,23.1493,23.1493,3.96871,3.96871,14.4257,14.4257,3.96871,3.96871,23.1493,23.1493,3.96871,3.96871,2,"[4, 2]",0.47188578313666013,0.038945904717395674,23.149258685983998
7,10000.0,5.0,115.7463,5.0,0.001,1,8,0.0,10.064,10.064,9.12886,5.68876,14.4257,14.4257,3.96871,3.96871,23.1493,23.1493,3.96871,3.96871,18.7875,18.7875,3.96871,3.96871,23.1493,23.1493,3.96871,3.96871,2,"[4, 2]",0.47188578313666013,0.038945904717395674,23.149258685983998
7,10000.0,5.0,46.2985,2.0,0.001,1,9,0.0,3.96871,3.96871,10.064,9.12886,10.064,10.064,3.96871,3.96871,23.1493,23.1493,3.96871,3.96871,14.4257,14.4257,3.96871,3.96871,23.1493,23.1493,3.96871,3.96871,2,"[4, 2]",0.47188578313666013,0.038945904717395674,23.149258685983998
7,10000.0,5.0,115.7463,5.0,0.001,1,9,0.0,14.4257,14.4257,23.1493,14.4257,14.4257,14.4257,3.96871,3.96871,23.1493,23.1493,3.96871,3.96871,18.7875,18.7875,3.96871,3.96871,23.1493,23.1493,3.96871,3.96871,2,"[4, 2]",0.47188578313666013,0.038945904717395674,23.149258685983998
8,10000.0,5.0,43614.6198,2.0,0.001,1,0,0.0,229.947,229.947,4605.37,43614.6,611.456,611.456,85.9825,85.9825,611.456,611.456,85.9825,85.9825,611.456,611.456,85.9825,85.9825,2270.42,2270.42,85.9825,85.9825,5,"[3, 3, 3, 4, 2]",0.2748984628086775,0.013837399121109392,21807.309908220126
8,10000.0,5.0,109036.5495,5.0,0.001,1,0,0.0,229.947,229.947,4647.36,2434.48,611.456,611.456,85.9825,85.9825,611.456,611.456,85.9825,85.9825,611.456,611.456,85.9825,85.9825,2270.42,2270.42,85.9825,85.9825,5,"[3, 3, 3, 4, 2]",0.2748984628086775,0.013837399121109392,21807.309908220126
8,10000.0,5.0,43614.6198,2.0,0.001,1,1,0.0,229.947,229.947,17256.3,3556.65,611.456,611.456,85.9825,85.9825,611.456,611.456,85.9825,85.9825,611.456,611.456,85.9825,85.9825,2270.42,2270.42,85.9825,85.9825,5,"[3, 3, 3, 4, 2]",0.2748984628086775,0.013837399121109392,21807.309908220126
8,10000.0,5.0,109036.5495,5.0,0.001,1,1,0.0,229.947,229.947,369.089,3645.29,611.456,611.456,85.9825,85.9825,611.456,611.456,85.9825,85.9825,611.456,611.456,85.9825,85.9825,2270.42,2270.42,85.9825,85.9825,5,"[3, 3, 3, 4, 2]",0.2748984628086775,0.013837399121109392,21807.309908220126
8,10000.0,5.0,43614.6198,2.0,0.001,1,2,0.0,611.456,611.456,43614.6,659.396,611.456,611.456,43614.6,43614.6,611.456,611.456,43614.6,43614.6,611.456,611.456,43614.6,43614.6,2270.42,2270.42,43614.6,43614.6,5,"[3, 3, 3, 4, 2]",0.2748984628086775,0.013837399121109392,21807.309908220126
8,10000.0,5.0,109036.5495,5.0,0.001,1,2,0.0,611.456,611.456,1753.41,109037.0,611.456,611.456,109037.0,109037.0,611.456,611.456,109037.0,109037.0,611.456,611.456,109037.0,109037.0,2270.42,2270.42,109037.0,109037.0,5,"[3, 3, 3, 4, 2]",0.2748984628086775,0.013837399121109392,21807.309908220126
8,10000.0,5.0,43614.6198,2.0,0.001,1,3,0.0,229.947,229.947,1286.78,1088.85,611.456,611.456,85.9825,85.9825,611.456,611.456,85.9825,85.9825,611.456,611.456,85.9825,85.9825,2270.42,2270.42,85.9825,85.9825,5,"[3, 3, 3, 4, 2]",0.2748984628086775,0.013837399121109392,21807.309908220126
8,10000.0,5.0,109036.5495,5.0,0.001,1,3,0.0,229.947,229.947,6510.65,2312.86,611.456,611.456,85.9825,85.9825,611.456,611.456,85.9825,85.9825,611.456,611.456,85.9825,85.9825,2270.42,2270.42,85.9825,85.9825,5,"[3, 3, 3, 4, 2]",0.2748984628086775,0.013837399121109392,21807.309908220126
8,10000.0,5.0,43614.6198,2.0,0.001,1,4,0.0,229.947,229.947,1370.48,43614.6,611.456,611.456,43614.6,43614.6,611.456,611.456,43614.6,43614.6,611.456,611.456,43614.6,43614.6,2270.42,2270.42,43614.6,43614.6,5,"[3, 3, 3, 4, 2]",0.2748984628086775,0.013837399121109392,21807.309908220126
8,10000.0,5.0,109036.5495,5.0,0.001,1,4,0.0,611.456,611.456,483.85,109037.0,611.456,611.456,109037.0,109037.0,611.456,611.456,109037.0,109037.0,611.456,611.456,109037.0,109037.0,2270.42,2270.42,109037.0,109037.0,5,"[3, 3, 3, 4, 2]",0.2748984628086775,0.013837399121109392,21807.309908220126
8,10000.0,5.0,43614.6198,2.0,0.001,1,5,0.0,229.947,229.947,43614.6,10450.3,611.456,611.456,43614.6,43614.6,611.456,611.456,43614.6,43614.6,611.456,611.456,43614.6,228.637,2270.42,2270.42,43614.6,228.637,5,"[3, 3, 3, 4, 2]",0.2748984628086775,0.013837399121109392,21807.309908220126
8,10000.0,5.0,109036.5495,5.0,0.001,1,5,0.0,229.947,229.947,1337.53,611.456,611.456,611.456,109037.0,109037.0,611.456,611.456,109037.0,109037.0,611.456,611.456,109037.0,228.637,2270.42,2270.42,109037.0,228.637,5,"[3, 3, 3, 4, 2]",0.2748984628086775,0.013837399121109392,21807.309908220126
8,10000.0,5.0,43614.6198,2.0,0.001,1,6,0.0,43614.6,43614.6,2002.97,43614.6,43614.6,43614.6,43614.6,43614.6,43614.6,43614.6,43614.6,43614.6,43614.6,43614.6,43614.6,43614.6,43614.6,43614.6,43614.6,43614.6,5,"[3, 3, 3, 4, 2]",0.2748984628086775,0.013837399121109392,21807.309908220126
8,10000.0,5.0,109036.5495,5.0,0.001,1,6,0.0,109037.0,109037.0,109037.0,1021.56,109037.0,109037.0,109037.0,109037.0,109037.0,109037.0,109037.0,109037.0,109037.0,109037.0,109037.0,109037.0,109037.0,109037.0,109037.0,109037.0,5,"[3, 3, 3, 4, 2]",0.2748984628086775,0.013837399121109392,21807.309908220126
8,10000.0,5.0,43614.6198,2.0,0.001,1,7,0.0,229.947,229.947,478.053,21807.3,611.456,611.456,85.9825,85.9825,611.456,611.456,85.9825,85.9825,611.456,611.456,85.9825,85.9825,2270.42,2270.42,85.9825,85.9825,5,"[3, 3, 3, 4, 2]",0.2748984628086775,0.013837399121109392,21807.309908220126
8,10000.0,5.0,109036.5495,5.0,0.001,1,7,0.0,229.947,229.947,925.873,109037.0,611.456,611.456,85.9825,85.9825,611.456,611.456,85.9825,85.9825,611.456,611.456,85.9825,85.9825,2270.42,2270.42,85.9825,85.9825,5,"[3, 3, 3, 4, 2]",0.2748984628086775,0.013837399121109392,21807.309908220126
8,10000.0,5.0,43614.6198,2.0,0.001,1,8,0.0,229.947,229.947,85.9825,7694.21,611.456,611.456,85.9825,85.9825,611.456,611.456,85.9825,85.9825,611.456,611.456,85.9825,85.9825,2270.42,2270.42,85.9825,85.9825,5,"[3, 3, 3, 4, 2]",0.2748984628086775,0.013837399121109392,21807.309908220126
8,10000.0,5.0,109036.5495,5.0,0.001,1,8,0.0,229.947,229.947,109037.0,2030.45,611.456,611.456,85.9825,85.9825,611.456,611.456,85.9825,85.9825,611.456,611.456,85.9825,85.9825,2270.42,2270.42,85.9825,85.9825,5,"[3, 3, 3, 4, 2]",0.2748984628086775,0.013837399121109392,21807.309908220126
8,10000.0,5.0,43614.6198,2.0,0.001,1,9,0.0,229.947,229.947,43614.6,6510.65,611.456,611.456,85.9825,85.9825,611.456,611.456,85.9825,85.9825,611.456,611.456,85.9825,85.9825,2270.42,2270.42,85.9825,85.9825,5,"[3, 3, 3, 4, 2]",0.2748984628086775,0.013837399121109392,21807.309908220126
8,10000.0,5.0,109036.5495,5.0,0.001,1,9,0.0,229.947,229.947,1271.2,3469.24,611.456,611.456,85.9825,85.9825,611.456,611.456,85.9825,85.9825,611.456,611.456,85.9825,85.9825,2270.42,2270.42,85.9825,85.9825,5,"[3, 3, 3, 4, 2]",0.2748984628086775,0.013837399121109392,21807.309908220126
9,10000.0,5.0,113.8544,2.0,0.001,1,0,0.0,6.86927,6.86927,9.17309,13.7807,6.86927,6.86927,6.86927,6.86927,13.7807,13.7807,6.86927,6.86927,6.86927,6.86927,6.86927,6.86927,31.2187,31.2187,6.86927,6.86927,3,"[4, 4, 3]",0.5855062172906438,0.09423345410122434,56.92720186997776
9,10000.0,5.0,284.636,5.0,0.001,1,0,0.0,6.86927,6.86927,34.1692,13.7807,9.17309,9.17309,6.86927,6.86927,13.7807,13.7807,6.86927,6.86927,6.86927,6.86927,6.86927,6.86927,31.2187,31.2187,6.86927,6.86927,3,"[4, 4, 3]",0.5855062172906438,0.09423345410122434,56.92720186997776
9,10000.0,5.0,113.8544,2.0,0.001,1,1,0.0,6.86927,6.86927,12.5261,10.6405,6.86927,6.86927,6.86927,6.86927,13.7807,13.7807,6.86927,6.86927,6.86927,6.86927,6.86927,6.86927,31.2187,31.2187,6.86927,6.86927,3,"[4, 4, 3]",0.5855062172906438,0.09423345410122434,56.92720186997776
9,10000.0,5.0,284.636,5.0,0.001,1,1,0.0,9.17309,9.17309,23.8819,31.2187,9.17309,9.17309,6.86927,6.86927,13.7807,13.7807,6.86927,6.86927,6.86927,6.86927,6.86927,6.86927,31.2187,31.2187,6.86927,6.86927,3,"[4, 4, 3]",0.5855062172906438,0.09423345410122434,56.92720186997776
9,10000.0,5.0,113.8544,2.0,0.001,1,2,0.0,6.86927,6.86927,25.1292,10.6405,6.86927,6.86927,6.86927,6.86927,13.7807,13.7807,6.86927,6.86927,6.86927,6.86927,6.86927,6.86927,31.2187,31.2187,6.86927,6.86927,3,"[4, 4, 3]",0.5855062172906438,0.09423345410122434,56.92720186997776
9,10000.0,5.0,284.636,5.0,0.001,1,2,0.0,6.86927,6.86927,47.4103,25.1292,9.17309,9.17309,6.86927,6.86927,13.7807,13.7807,6.86927,6.86927,6.86927,6.86927,6.86927,6.86927,31.2187,31.2187,6.86927,6.86927,3,"[4, 4, 3]",0.5855062172906438,0.09423345410122434,56.92720186997776
9,10000.0,5.0,113.8544,2.0,0.001,1,3,0.0,6.86927,6.86927,48.3577,15.5615,6.86927,6.86927,6.86927,6.86927,13.7807,13.7807,6.86927,6.86927,6.86927,6.86927,6.86927,6.86927,31.2187,31.2187,6.86927,6.86927,3,"[4, 4, 3]",0.5855062172906438,0.09423345410122434,56.92720186997776
9,10000.0,5.0,284.636,5.0,0.001,1,3,0.0,6.86927,6.86927,11.4769,20.9281,9.17309,9.17309,6.86927,6.86927,13.7807,13.7807,6.86927,6.86927,6.86927,9.17309,6.86927,6.86927,31.2187,31.2187,6.86927,6.86927,3,"[4, 4, 3]",0.5855062172906438,0.09423345410122434,56.92720186997776
9,10000.0,5.0,113.8544,2.0,0.001,1,4,0.0,6.86927,6.86927,17.5636,6.86927,6.86927,6.86927,6.86927,6.86927,13.7807,13.7807,6.86927,6.86927,6.86927,6.86927,6.86927,6.86927,31.2187,31.2187,6.86927,6.86927,3,"[4, 4, 3]",0.5855062172906438,0.09423345410122434,56.92720186997776
9,10000.0,5.0,284.636,5.0,0.001,1,4,0.0,6.86927,6.86927,22.4997,20.9281,9.17309,9.17309,6.86927,6.86927,13.7807,13.7807,6.86927,6.86927,6.86927,9.17309,6.86927,6.86927,31.2187,31.2187,6.86927,6.86927,3,"[4, 4, 3]",0.5855062172906438,0.09423345410122434,56.92720186997776
9,10000.0,5.0,113.8544,2.0,0.001,1,5,0.0,13.7807,13.7807,113.854,113.854,113.854,113.854,113.854,113.854,13.7807,13.7807,113.854,113.854,113.854,113.854,113.854,113.854,31.2187,31.2187,113.854,113.854,3,"[4, 4, 3]",0.5855062172906438,0.09423345410122434,56.92720186997776
9,10000.0,5.0,284.636,5.0,0.001,1,5,0.0,13.7807,13.7807,284.636,13.7807,284.636,284.636,284.636,284.636,13.7807,13.7807,284.636,284.636,284.636,284.636,284.636,284.636,31.2187,31.2187,284.636,284.636,3,"[4, 4, 3]",0.5855062172906438,0.09423345410122434,56.92720186997776
9,10000.0,5.0,113.8544,2.0,0.001,1,6,0.0,6.86927,6.86927,6.86927,25.9996,6.86927,6.86927,6.86927,6.86927,13.7807,13.7807,6.86927,6.86927,6.86927,6.86927,6.86927,6.86927,31.2187,31.2187,6.86927,6.86927,3,"[4, 4, 3]",0.5855062172906438,0.09423345410122434,56.92720186997776
9,10000.0,5.0,284.636,5.0,0.001,1,6,0.0,6.86927,6.86927,20.7806,48.3577,9.17309,9.17309,6.86927,6.86927,13.7807,13.7807,6.86927,6.86927,6.86927,9.17309,6.86927,6.86927,31.2187,31.2187,6.86927,6.86927,3,"[4, 4, 3]",0.5855062172906438,0.09423345410122434,56.92720186997776
9,10000.0,5.0,113.8544,2.0,0.001,1,7,0.0,9.17309,9.17309,25.9996,25.1292,6.86927,6.86927,6.86927,6.86927,13.7807,13.7807,6.86927,6.86927,6.86927,6.86927,6.86927,6.86927,31.2187,31.2187,6.86927,6.86927,3,"[4, 4, 3]",0.5855062172906438,0.09423345410122434,56.92720186997776
9,10000.0,5.0,284.636,5.0,0.001,1,7,0.0,11.4769,11.4769,9.17309,20.7806,9.17309,9.17309,6.86927,6.86927,13.7807,13.7807,6.86927,6.86927,6.86927,6.86927,6.86927,6.86927,31.2187,31.2187,6.86927,6.86927,3,"[4, 4, 3]",0.5855062172906438,0.09423345410122434,56.92720186997776
9,10000.0,5.0,113.8544,2.0,0.001,1,8,0.0,6.86927,6.86927,15.5615,29.0256,6.86927,6.86927,6.86927,6.86927,13.7807,13.7807,6.86927,6.86927,6.86927,6.86927,6.86927,6.86927,31.2187,31.2187,6.86927,6.86927,3,"[4, 4, 3]",0.5855062172906438,0.09423345410122434,56.92720186997776
9,10000.0,5.0,284.636,5.0,0.001,1,8,0.0,6.86927,6.86927,31.2187,40.2734,9.17309,9.17309,6.86927,6.86927,13.7807,13.7807,6.86927,6.86927,6.86927,6.86927,6.86927,6.86927,31.2187,31.2187,6.86927,6.86927,3,"[4, 4, 3]",0.5855062172906438,0.09423345410122434,56.92720186997776
9,10000.0,5.0,113.8544,2.0,0.001,1,9,0.0,11.4769,11.4769,34.1692,17.5636,6.86927,6.86927,6.86927,6.86927,13.7807,13.7807,6.86927,6.86927,6.86927,6.86927,6.86927,6.86927,31.2187,31.2187,6.86927,6.86927,3,"[4, 4, 3]",0.5855062172906438,0.09423345410122434,56.92720186997776
9,10000.0,5.0,284.636,5.0,0.001,1,9,0.0,9.17309,9.17309,13.7807,47.4103,9.17309,9.17309,6.86927,6.86927,13.7807,13.7807,6.86927,6.86927,6.86927,6.86927,6.86927,6.86927,31.2187,31.2187,6.86927,6.86927,3,"[4, 4, 3]",0.5855062172906438,0.09423345410122434,56.92720186997776
10,10000.0,5.0,110.2371,2.0,0.001,1,0,0.0,14.0707,14.0707,55.1185,55.1185,14.0707,14.0707,8.2364,8.2364,55.1185,55.1185,14.0707,14.0707,14.0707,14.0707,8.2364,8.2364,55.1185,55.1185,32.264,32.264,2,"[2, 3]",0.5090585523046895,0.024834716430534448,55.118543279711005
10,10000.0,5.0,275.5927,5.0,0.001,1,0,0.0,14.0707,14.0707,55.1185,14.0707,34.5946,34.5946,8.2364,8.2364,55.1185,55.1185,14.0707,14.0707,34.5946,34.5946,8.2364,8.2364,55.1185,55.1185,32.264,32.264,2,"[2, 3]",0.5090585523046895,0.024834716430534448,55.118543279711005
10,10000.0,5.0,110.2371,2.0,0.001,1,1,0.0,14.0707,14.0707,32.264,14.0707,14.0707,14.0707,8.2364,8.2364,55.1185,55.1185,14.0707,14.0707,14.0707,14.0707,8.2364,8.2364,55.1185,55.1185,32.264,8.2364,2,"[2, 3]",0.5090585523046895,0.024834716430534448,55.118543279711005
10,10000.0,5.0,275.5927,5.0,0.001,1,1,0.0,14.0707,14.0707,55.1185,14.0707,34.5946,34.5946,8.2364,8.2364,55.1185,55.1185,14.0707,14.0707,34.5946,34.5946,8.2364,8.2364,55.1185,55.1185,32.264,8.2364,2,"[2, 3]",0.5090585523046895,0.024834716430534448,55.118543279711005
10,10000.0,5.0,110.2371,2.0,0.001,1,2,0.0,14.0707,14.0707,34.5946,34.5946,14.0707,14.0707,8.2364,8.2364,55.1185,55.1185,14.0707,14.0707,14.0707,14.0707,8.2364,8.2364,55.1185,55.1185,32.264,8.2364,2,"[2, 3]",0.5090585523046895,0.024834716430534448,55.118543279711005
10,10000.0,5.0,275.5927,5.0,0.001,1,2,0.0,14.0707,14.0707,8.2364,14.0707,34.5946,34.5946,8.2364,8.2364,55.1185,55.1185,14.0707,14.0707,34.5946,34.5946,8.2364,8.2364,55.1185,55.1185,32.264,8.2364,2,"[2, 3]",0.5090585523046895,0.024834716430534448,55.118543279711005
10,10000.0,5.0,110.2371,2.0,0.001,1,3,0.0,14.0707,14.0707,34.5946,34.5946,14.0707,14.0707,110.237,110.237,55.1185,55.1185,14.0707,14.0707,14.0707,34.5946,110.237,110.237,55.1185,55.1185,32.264,110.237,2,"[2, 3]",0.5090585523046895,0.024834716430534448,55.118543279711005
10,10000.0,5.0,275.5927,5.0,0.001,1,3,0.0,14.0707,14.0707,55.1185,14.0707,34.5946,34.5946,275.593,275.593,55.1185,55.1185,14.0707,14.0707,34.5946,34.5946,275.593,275.593,55.1185,55.1185,32.264,275.593,2,"[2, 3]",0.5090585523046895,0.024834716430534448,55.118543279711005
10,10000.0,5.0,110.2371,2.0,0.001,1,4,0.0,34.5946,34.5946,55.1185,34.5946,14.0707,14.0707,110.237,110.237,55.1185,55.1185,14.0707,14.0707,14.0707,14.0707,110.237,32.264,55.1185,55.1185,32.264,32.264,2,"[2, 3]",0.5090585523046895,0.024834716430534448,55.118543279711005
10,10000.0,5.0,275.5927,5.0,0.001,1,4,0.0,34.5946,34.5946,34.5946,34.5946,34.5946,34.5946,275.593,275.593,55.1185,55.1185,14.0707,14.0707,34.5946,34.5946,275.593,32.264,55.1185,55.1185,32.264,32.264,2,"[2, 3]",0.5090585523046895,0.024834716430534448,55.118543279711005
10,10000.0,5.0,110.2371,2.0,0.001,1,5,0.0,14.0707,14.0707,34.5946,34.5946,14.0707,14.0707,110.237,110.237,55.1185,55.1185,14.0707,14.0707,14.0707,14.0707,110.237,110.237,55.1185,55.1185,32.264,110.237,2,"[2, 3]",0.5090585523046895,0.024834716430534448,55.118543279711005
10,10000.0,5.0,275.5927,5.0,0.001,1,5,0.0,14.0707,14.0707,55.1185,14.0707,34.5946,34.5946,275.593,275.593,55.1185,55.1185,14.0707,14.0707,34.5946,34.5946,275.593,275.593,55.1185,55.1185,32.264,275.593,2,"[2, 3]",0.5090585523046895,0.024834716430534448,55.118543279711005
10,10000.0,5.0,110.2371,2.0,0.001,1,6,0.0,110.237,110.237,55.1185,55.1185,110.237,110.237,110.237,110.237,55.1185,55.1185,110.237,110.237,110.237,110.237,110.237,110.237,55.1185,55.1185,110.237,110.237,2,"[2, 3]",0.5090585523046895,0.024834716430534448,55.118543279711005
10,10000.0,5.0,275.5927,5.0,0.001,1,6,0.0,275.593,275.593,275.593,34.5946,34.5946,34.5946,275.593,275.593,55.1185,55.1185,275.593,275.593,34.5946,34.5946,275.593,275.593,55.1185,55.1185,275.593,275.593,2,"[2, 3]",0.5090585523046895,0.024834716430534448,55.118543279711005
10,10000.0,5.0,110.2371,2.0,0.001,1,7,0.0,14.0707,14.0707,34.5946,14.0707,14.0707,14.0707,8.2364,8.2364,55.1185,55.1185,14.0707,14.0707,14.0707,14.0707,8.2364,8.2364,55.1185,55.1185,32.264,8.2364,2,"[2, 3]",0.5090585523046895,0.024834716430534448,55.118543279711005
10,10000.0,5.0,275.5927,5.0,0.001,1,7,0.0,14.0707,14.0707,34.5946,55.1185,34.5946,34.5946,8.2364,8.2364,55.1185,55.1185,14.0707,14.0707,34.5946,34.5946,8.2364,8.2364,55.1185,55.1185,32.264,8.2364,2,"[2, 3]",0.5090585523046895,0.024834716430534448,55.118543279711005
10,10000.0,5.0,110.2371,2.0,0.001,1,8,0.0,34.5946,34.5946,14.0707,8.2364,14.0707,14.0707,8.2364,8.2364,55.1185,55.1185,14.0707,14.0707,14.0707,14.0707,8.2364,8.2364,55.1185,55.1185,32.264,8.2364,2,"[2, 3]",0.5090585523046895,0.024834716430534448,55.118543279711005
10,10000.0,5.0,275.5927,5.0,0.001,1,8,0.0,55.1185,55.1185,55.1185,14.0707,34.5946,34.5946,8.2364,8.2364,55.1185,55.1185,14.0707,14.0707,34.5946,34.5946,8.2364,8.2364,55.1185,55.1185,32.264,8.2364,2,"[2, 3]",0.5090585523046895,0.024834716430534448,55.118543279711005
10,10000.0,5.0,110.2371,2.0,0.001,1,9,0.0,14.0707,14.0707,55.1185,55.1185,14.0707,14.0707,8.2364,8.2364,55.1185,55.1185,14.0707,14.0707,14.0707,14.0707,8.2364,8.2364,55.1185,55.1185,32.264,8.2364,2,"[2, 3]",0.5090585523046895,0.024834716430534448,55.118543279711005
10,10000.0,5.0,275.5927,5.0,0.001,1,9,0.0,14.0707,14.0707,55.1185,14.0707,34.5946,34.5946,8.2364,8.2364,55.1185,55.1185,14.0707,14.0707,34.5946,34.5946,8.2364,8.2364,55.1185,55.1185,32.264,8.2364,2,"[2, 3]",0.5090585523046895,0.024834716430534448,55.118543279711005
11,10000.0,5.0,119.0083,2.0,0.001,1,0,0.0,28.1678,28.1678,119.008,59.5042,28.1678,28.1678,119.008,119.008,59.5042,59.5042,119.008,119.008,28.1678,28.1678,119.008,119.008,59.5042,59.5042,28.1678,28.1678,2,"[4, 4]",0.3362126745233389,0.015032553608428159,59.50415971823601
11,10000.0,5.0,297.5208,5.0,0.001,1,0,0.0,49.0587,49.0587,49.0587,28.1678,28.1678,28.1678,297.521,297.521,59.5042,59.5042,297.521,297.521,38.6133,38.6133,297.521,297.521,59.5042,59.5042,28.1678,28.1678,2,"[4, 4]",0.3362126745233389,0.015032553608428159,59.50415971823601
11,10000.0,5.0,119.0083,2.0,0.001,1,1,0.0,20.424,20.424,20.424,43.1455,28.1678,28.1678,16.5521,16.5521,59.5042,59.5042,24.2959,24.2959,28.1678,24.2959,16.5521,16.5521,59.5042,59.5042,28.1678,24.2959,2,"[4, 4]",0.3362126745233389,0.015032553608428159,59.50415971823601
11,10000.0,5.0,297.5208,5.0,0.001,1,1,0.0,20.424,20.424,42.3152,43.1455,28.1678,28.1678,16.5521,16.5521,59.5042,59.5042,24.2959,24.2959,38.6133,38.6133,16.5521,16.5521,59.5042,59.5042,28.1678,24.2959,2,"[4, 4]",0.3362126745233389,0.015032553608428159,59.50415971823601
11,10000.0,5.0,119.0083,2.0,0.001,1,2,0.0,20.424,20.424,28.1678,49.0587,28.1678,28.1678,16.5521,16.5521,59.5042,59.5042,24.2959,24.2959,28.1678,24.2959,16.5521,16.5521,59.5042,59.5042,28.1678,24.2959,2,"[4, 4]",0.3362126745233389,0.015032553608428159,59.50415971823601
11,10000.0,5.0,297.5208,5.0,0.001,1,2,0.0,20.424,20.424,20.424,28.1678,28.1678,28.1678,16.5521,16.5521,59.5042,59.5042,24.2959,24.2959,38.6133,38.6133,16.5521,16.5521,59.5042,59.5042,28.1678,24.2959,2,"[4, 4]",0.3362126745233389,0.015032553608428159,59.50415971823601
11,10000.0,5.0,119.0083,2.0,0.001,1,3,0.0,24.2959,24.2959,119.008,59.5042,28.1678,28.1678,119.008,119.008,59.5042,59.5042,24.2959,24.2959,28.1678,28.1678,119.008,119.008,59.5042,59.5042,28.1678,24.2959,2,"[4, 4]",0.3362126745233389,0.015032553608428159,59.50415971823601
11,10000.0,5.0,297.5208,5.0,0.001,1,3,0.0,24.2959,24.2959,38.6133,34.9661,28.1678,28.1678,297.521,297.521,59.5042,59.5042,24.2959,24.2959,38.6133,38.6133,297.521,297.521,59.5042,59.5042,28.1678,24.2959,2,"[4, 4]",0.3362126745233389,0.015032553608428159,59.50415971823601
11,10000.0,5.0,119.0083,2.0,0.001,1,4,0.0,20.424,20.424,22.6901,20.424,28.1678,28.1678,16.5521,16.5521,59.5042,59.5042,24.2959,24.2959,28.1678,28.1678,16.5521,16.5521,59.5042,59.5042,28.1678,24.2959,2,"[4, 4]",0.3362126745233389,0.015032553608428159,59.50415971823601
11,10000.0,5.0,297.5208,5.0,0.001,1,4,0.0,20.424,20.424,49.0587,27.9978,28.1678,28.1678,16.5521,16.5521,59.5042,59.5042,24.2959,24.2959,38.6133,38.6133,16.5521,16.5521,59.5042,59.5042,28.1678,24.2959,2,"[4, 4]",0.3362126745233389,0.015032553608428159,59.50415971823601
11,10000.0,5.0,119.0083,2.0,0.001,1,5,0.0,20.424,20.424,33.3056,28.1678,28.1678,28.1678,16.5521,16.5521,59.5042,59.5042,24.2959,24.2959,28.1678,28.1678,16.5521,16.5521,59.5042,59.5042,28.1678,24.2959,2,"[4, 4]",0.3362126745233389,0.015032553608428159,59.50415971823601
11,10000.0,5.0,297.5208,5.0,0.001,1,5,0.0,20.424,20.424,59.5042,51.3248,28.1678,28.1678,16.5521,16.5521,59.5042,59.5042,24.2959,24.2959,38.6133,38.6133,16.5521,16.5521,59.5042,59.5042,28.1678,24.2959,2,"[4, 4]",0.3362126745233389,0.015032553608428159,59.50415971823601
11,10000.0,5.0,119.0083,2.0,0.001,1,6,0.0,28.1678,28.1678,119.008,119.008,28.1678,28.1678,119.008,119.008,59.5042,59.5042,119.008,119.008,28.1678,28.1678,119.008,119.008,59.5042,59.5042,28.1678,119.008,2,"[4, 4]",0.3362126745233389,0.015032553608428159,59.50415971823601
11,10000.0,5.0,297.5208,5.0,0.001,1,6,0.0,28.1678,28.1678,59.5042,297.521,28.1678,28.1678,297.521,297.521,59.5042,59.5042,297.521,297.521,38.6133,38.6133,297.521,297.521,59.5042,59.5042,28.1678,297.521,2,"[4, 4]",0.3362126745233389,0.015032553608428159,59.50415971823601
11,10000.0,5.0,119.0083,2.0,0.001,1,7,0.0,28.1678,28.1678,28.1678,20.424,28.1678,28.1678,119.008,119.008,59.5042,59.5042,24.2959,24.2959,28.1678,27.9978,119.008,119.008,59.5042,59.5042,28.1678,24.2959,2,"[4, 4]",0.3362126745233389,0.015032553608428159,59.50415971823601
11,10000.0,5.0,297.5208,5.0,0.001,1,7,0.0,28.1678,28.1678,34.9661,38.6133,28.1678,28.1678,297.521,297.521,59.5042,59.5042,24.2959,24.2959,38.6133,38.6133,297.521,297.521,59.5042,59.5042,28.1678,24.2959,2,"[4, 4]",0.3362126745233389,0.015032553608428159,59.50415971823601
11,10000.0,5.0,119.0083,2.0,0.001,1,8,0.0,119.008,119.008,119.008,59.5042,28.1678,28.1678,119.008,119.008,59.5042,59.5042,24.2959,24.2959,28.1678,24.2959,119.008,119.008,59.5042,59.5042,28.1678,24.2959,2,"[4, 4]",0.3362126745233389,0.015032553608428159,59.50415971823601
11,10000.0,5.0,297.5208,5.0,0.001,1,8,0.0,28.1678,28.1678,49.0587,49.0587,28.1678,28.1678,297.521,297.521,59.5042,59.5042,24.2959,24.2959,38.6133,38.6133,297.521,297.521,59.5042,59.5042,28.1678,24.2959,2,"[4, 4]",0.3362126745233389,0.015032553608428159,59.50415971823601
11,10000.0,5.0,119.0083,2.0,0.001,1,9,0.0,28.1678,28.1678,119.008,119.008,28.1678,28.1678,119.008,119.008,59.5042,59.5042,24.2959,24.2959,28.1678,24.2959,119.008,119.008,59.5042,59.5042,28.1678,24.2959,2,"[4, 4]",0.3362126745233389,0.015032553608428159,59.50415971823601
11,10000.0,5.0,297.5208,5.0,0.001,1,9,0.0,28.1678,28.1678,38.6133,24.2959,28.1678,28.1678,297.521,297.521,59.5042,59.5042,24.2959,24.2959,38.6133,35.5716,297.521,297.521,59.5042,59.5042,28.1678,24.2959,2,"[4, 4]",0.3362126745233389,0.015032553608428159,59.50415971823601
12,10000.0,5.0,81.0321,2.0,0.001,1,0,0.0,12.2968,12.2968,24.6878,15.2819,15.2819,15.2819,6.32668,6.32668,15.2819,15.2819,12.2968,12.2968,15.2819,15.2819,6.32668,6.32668,15.2819,15.2819,12.2968,12.2968,2,"[2, 4]",0.4278024294813651,0.026856690919758307,40.516041647652
12,10000.0,5.0,202.5802,5.0,0.001,1,0,0.0,15.2819,15.2819,202.58,9.31174,15.2819,15.2819,6.32668,6.32668,15.2819,15.2819,12.2968,12.2968,15.2819,15.2819,6.32668,6.32668,15.2819,15.2819,12.2968,12.2968,2,"[2, 4]",0.4278024294813651,0.026856690919758307,40.516041647652
12,10000.0,5.0,81.0321,2.0,0.001,1,1,0.0,12.2968,12.2968,15.2819,81.0321,15.2819,15.2819,6.32668,6.32668,15.2819,15.2819,12.2968,12.2968,15.2819,15.2819,6.32668,6.32668,15.2819,15.2819,12.2968,12.2968,2,"[2, 4]",0.4278024294813651,0.026856690919758307,40.516041647652
12,10000.0,5.0,202.5802,5.0,0.001,1,1,0.0,12.2968,12.2968,15.2819,40.516,15.2819,15.2819,6.32668,6.32668,15.2819,15.2819,12.2968,12.2968,15.2819,15.2819,6.32668,6.32668,15.2819,15.2819,12.2968,12.2968,2,"[2, 4]",0.4278024294813651,0.026856690919758307,40.516041647652
12,10000.0,5.0,81.0321,2.0,0.001,1,2,0.0,12.2968,12.2968,16.7736,24.6878,15.2819,15.2819,6.32668,6.32668,15.2819,15.2819,12.2968,12.2968,15.2819,15.2819,6.32668,6.32668,15.2819,15.2819,12.2968,12.2968,2,"[2, 4]",0.4278024294813651,0.026856690919758307,40.516041647652
12,10000.0,5.0,202.5802,5.0,0.001,1,2,0.0,12.2968,12.2968,12.2968,12.2968,15.2819,15.2819,6.32668,6.32668,15.2819,15.2819,12.2968,12.2968,15.2819,15.2819,6.32668,6.32668,15.2819,15.2819,12.2968,12.2968,2,"[2, 4]",0.4278024294813651,0.026856690919758307,40.516041647652
12,10000.0,5.0,81.0321,2.0,0.001,1,3,0.0,12.2968,12.2968,32.6019,15.2819,15.2819,15.2819,6.32668,6.32668,15.2819,15.2819,12.2968,12.2968,15.2819,15.2819,6.32668,6.32668,15.2819,15.2819,12.2968,12.2968,2,"[2, 4]",0.4278024294813651,0.026856690919758307,40.516041647652
12,10000.0,5.0,202.5802,5.0,0.001,1,3,0.0,15.2819,15.2819,15.2819,15.2819,15.2819,15.2819,6.32668,6.32668,15.2819,15.2819,12.2968,12.2968,15.2819,15.2819,6.32668,6.32668,15.2819,15.2819,12.2968,12.2968,2,"[2, 4]",0.4278024294813651,0.026856690919758307,40.516041647652
12,10000.0,5.0,81.0321,2.0,0.001,1,4,0.0,12.2968,12.2968,81.0321,40.516,15.2819,15.2819,6.32668,6.32668,15.2819,15.2819,12.2968,12.2968,15.2819,15.2819,6.32668,6.32668,15.2819,15.2819,12.2968,12.2968,2,"[2, 4]",0.4278024294813651,0.026856690919758307,40.516041647652
12,10000.0,5.0,202.5802,5.0,0.001,1,4,0.0,12.2968,12.2968,6.32668,12.2968,15.2819,15.2819,6.32668,6.32668,15.2819,15.2819,12.2968,12.2968,15.2819,15.2819,6.32668,6.32668,15.2819,15.2819,12.2968,12.2968,2,"[2, 4]",0.4278024294813651,0.026856690919758307,40.516041647652
12,10000.0,5.0,81.0321,2.0,0.001,1,5,0.0,12.2968,12.2968,40.516,15.2819,15.2819,15.2819,81.0321,81.0321,15.2819,15.2819,12.2968,12.2968,15.2819,15.2819,81.0321,81.0321,15.2819,15.2819,12.2968,12.2968,2,"[2, 4]",0.4278024294813651,0.026856690919758307,40.516041647652
12,10000.0,5.0,202.5802,5.0,0.001,1,5,0.0,12.2968,12.2968,202.58,202.58,15.2819,15.2819,202.58,202.58,15.2819,15.2819,12.2968,12.2968,15.2819,15.2819,202.58,202.58,15.2819,15.2819,12.2968,12.2968,2,"[2, 4]",0.4278024294813651,0.026856690919758307,40.516041647652
12,10000.0,5.0,81.0321,2.0,0.001,1,6,0.0,9.31174,9.31174,12.2968,15.2819,15.2819,15.2819,6.32668,6.32668,15.2819,15.2819,12.2968,12.2968,15.2819,15.2819,6.32668,6.32668,15.2819,15.2819,12.2968,12.2968,2,"[2, 4]",0.4278024294813651,0.026856690919758307,40.516041647652
12,10000.0,5.0,202.5802,5.0,0.001,1,6,0.0,9.31174,9.31174,9.31174,15.2819,15.2819,15.2819,6.32668,6.32668,15.2819,15.2819,12.2968,12.2968,15.2819,15.2819,6.32668,6.32668,15.2819,15.2819,12.2968,12.2968,2,"[2, 4]",0.4278024294813651,0.026856690919758307,40.516041647652
12,10000.0,5.0,81.0321,2.0,0.001,1,7,0.0,12.2968,12.2968,40.516,40.516,15.2819,15.2819,81.0321,81.0321,15.2819,15.2819,12.2968,12.2968,15.2819,15.2819,81.0321,81.0321,15.2819,15.2819,12.2968,12.2968,2,"[2, 4]",0.4278024294813651,0.026856690919758307,40.516041647652
12,10000.0,5.0,202.5802,5.0,0.001,1,7,0.0,15.2819,15.2819,9.31174,202.58,15.2819,15.2819,202.58,202.58,15.2819,15.2819,12.2968,12.2968,15.2819,15.2819,202.58,202.58,15.2819,15.2819,12.2968,12.2968,2,"[2, 4]",0.4278024294813651,0.026856690919758307,40.516041647652
12,10000.0,5.0,81.0321,2.0,0.001,1,8,0.0,9.31174,9.31174,81.0321,15.2819,15.2819,15.2819,6.32668,6.32668,15.2819,15.2819,12.2968,12.2968,15.2819,15.2819,6.32668,6.32668,15.2819,15.2819,12.2968,12.2968,2,"[2, 4]",0.4278024294813651,0.026856690919758307,40.516041647652
12,10000.0,5.0,202.5802,5.0,0.001,1,8,0.0,9.31174,9.31174,24.6878,24.6878,15.2819,15.2819,6.32668,6.32668,15.2819,15.2819,12.2968,12.2968,15.2819,15.2819,6.32668,6.32668,15.2819,15.2819,12.2968,12.2968,2,"[2, 4]",0.4278024294813651,0.026856690919758307,40.516041647652
12,10000.0,5.0,81.0321,2.0,0.001,1,9,0.0,15.2819,15.2819,15.2819,15.2819,15.2819,15.2819,81.0321,81.0321,15.2819,15.2819,12.2968,12.2968,15.2819,15.2819,81.0321,81.0321,15.2819,15.2819,12.2968,12.2968,2,"[2, 4]",0.4278024294813651,0.026856690919758307,40.516041647652
12,10000.0,5.0,202.5802,5.0,0.001,1,9,0.0,15.2819,15.2819,202.58,202.58,15.2819,15.2819,202.58,202.58,15.2819,15.2819,12.2968,12.2968,15.2819,15.2819,202.58,202.58,15.2819,15.2819,12.2968,12.2968,2,"[2, 4]",0.4278024294813651,0.026856690919758307,40.516041647652
13,10000.0,5.0,152.8582,2.0,0.001,1,0,0.0,9.53376,9.53376,15.2499,47.781,15.2499,15.2499,6.67567,6.67567,15.2499,15.2499,9.53376,9.53376,15.2499,15.2499,6.67567,6.67567,76.4291,76.4291,9.53376,9.53376,2,"[2, 4]",0.4883947363602348,0.05849289728223615,76.42911442534499
13,10000.0,5.0,382.1456,5.0,0.001,1,0,0.0,9.53376,9.53376,6.67567,12.3919,15.2499,15.2499,6.67567,6.67567,15.2499,15.2499,9.53376,9.53376,15.2499,15.2499,6.67567,6.67567,76.4291,76.4291,9.53376,9.53376,2,"[2, 4]",0.4883947363602348,0.05849289728223615,76.42911442534499
13,10000.0,5.0,152.8582,2.0,0.001,1,1,0.0,9.53376,9.53376,47.781,62.105,15.2499,15.2499,6.67567,6.67567,15.2499,15.2499,9.53376,9.53376,15.2499,15.2499,6.67567,6.67567,76.4291,76.4291,9.53376,9.53376,2,"[2, 4]",0.4883947363602348,0.05849289728223615,76.42911442534499
13,10000.0,5.0,382.1456,5.0,0.001,1,1,0.0,9.53376,9.53376,9.53376,76.4291,15.2499,15.2499,6.67567,6.67567,15.2499,15.2499,9.53376,9.53376,15.2499,15.2499,6.67567,6.67567,76.4291,76.4291,9.53376,9.53376,2,"[2, 4]",0.4883947363602348,0.05849289728223615,76.42911442534499
13,10000.0,5.0,152.8582,2.0,0.001,1,2,0.0,9.53376,9.53376,15.2499,62.105,15.2499,15.2499,152.858,152.858,15.2499,15.2499,9.53376,9.53376,15.2499,15.2499,152.858,152.858,76.4291,76.4291,9.53376,9.53376,2,"[2, 4]",0.4883947363602348,0.05849289728223615,76.42911442534499
13,10000.0,5.0,382.1456,5.0,0.001,1,2,0.0,9.53376,9.53376,62.105,12.3919,15.2499,15.2499,382.146,382.146,15.2499,15.2499,9.53376,9.53376,15.2499,15.2499,382.146,382.146,76.4291,76.4291,9.53376,9.53376,2,"[2, 4]",0.4883947363602348,0.05849289728223615,76.42911442534499
13,10000.0,5.0,152.8582,2.0,0.001,1,3,0.0,15.2499,15.2499,152.858,152.858,15.2499,15.2499,152.858,152.858,15.2499,15.2499,152.858,152.858,15.2499,15.2499,152.858,152.858,76.4291,76.4291,152.858,152.858,2,"[2, 4]",0.4883947363602348,0.05849289728223615,76.42911442534499
13,10000.0,5.0,382.1456,5.0,0.001,1,3,0.0,12.3919,12.3919,382.146,382.146,15.2499,15.2499,382.146,382.146,15.2499,15.2499,382.146,382.146,15.2499,15.2499,382.146,382.146,76.4291,76.4291,382.146,382.146,2,"[2, 4]",0.4883947363602348,0.05849289728223615,76.42911442534499
13,10000.0,5.0,152.8582,2.0,0.001,1,4,0.0,9.53376,9.53376,9.53376,152.858,15.2499,15.2499,152.858,152.858,15.2499,15.2499,9.53376,9.53376,15.2499,15.2499,152.858,152.858,76.4291,76.4291,9.53376,9.53376,2,"[2, 4]",0.4883947363602348,0.05849289728223615,76.42911442534499
13,10000.0,5.0,382.1456,5.0,0.001,1,4,0.0,9.53376,9.53376,76.4291,12.3919,15.2499,15.2499,382.146,382.146,15.2499,15.2499,9.53376,9.53376,15.2499,15.2499,382.146,382.146,76.4291,76.4291,9.53376,9.53376,2,"[2, 4]",0.4883947363602348,0.05849289728223615,76.42911442534499
13,10000.0,5.0,152.8582,2.0,0.001,1,5,0.0,12.3919,12.3919,62.105,12.3919,15.2499,15.2499,152.858,152.858,15.2499,15.2499,152.858,152.858,15.2499,15.2499,152.858,152.858,76.4291,76.4291,152.858,152.858,2,"[2, 4]",0.4883947363602348,0.05849289728223615,76.42911442534499
13,10000.0,5.0,382.1456,5.0,0.001,1,5,0.0,15.2499,15.2499,382.146,62.105,15.2499,15.2499,382.146,382.146,15.2499,15.2499,382.146,382.146,15.2499,15.2499,382.146,382.146,76.4291,76.4291,382.146,382.146,2,"[2, 4]",0.4883947363602348,0.05849289728223615,76.42911442534499
13,10000.0,5.0,152.8582,2.0,0.001,1,6,0.0,12.3919,12.3919,47.781,62.105,15.2499,15.2499,152.858,152.858,15.2499,15.2499,9.53376,9.53376,15.2499,15.2499,152.858,152.858,76.4291,76.4291,9.53376,9.53376,2,"[2, 4]",0.4883947363602348,0.05849289728223615,76.42911442534499
13,10000.0,5.0,382.1456,5.0,0.001,1,6,0.0,15.2499,15.2499,15.2499,15.2499,15.2499,15.2499,382.146,382.146,15.2499,15.2499,9.53376,9.53376,15.2499,15.2499,382.146,382.146,76.4291,76.4291,9.53376,9.53376,2,"[2, 4]",0.4883947363602348,0.05849289728223615,76.42911442534499
13,10000.0,5.0,152.8582,2.0,0.001,1,7,0.0,9.53376,9.53376,9.53376,9.53376,15.2499,15.2499,6.67567,6.67567,15.2499,15.2499,9.53376,9.53376,15.2499,15.2499,6.67567,6.67567,76.4291,76.4291,9.53376,9.53376,2,"[2, 4]",0.4883947363602348,0.05849289728223615,76.42911442534499
13,10000.0,5.0,382.1456,5.0,0.001,1,7,0.0,9.53376,9.53376,6.67567,47.781,15.2499,15.2499,6.67567,6.67567,15.2499,15.2499,9.53376,9.53376,15.2499,15.2499,6.67567,6.67567,76.4291,76.4291,9.53376,9.53376,2,"[2, 4]",0.4883947363602348,0.05849289728223615,76.42911442534499
13,10000.0,5.0,152.8582,2.0,0.001,1,8,0.0,15.2499,15.2499,152.858,12.3919,15.2499,15.2499,152.858,152.858,15.2499,15.2499,152.858,152.858,15.2499,15.2499,152.858,152.858,76.4291,76.4291,152.858,152.858,2,"[2, 4]",0.4883947363602348,0.05849289728223615,76.42911442534499
13,10000.0,5.0,382.1456,5.0,0.001,1,8,0.0,15.2499,15.2499,15.2499,15.2499,15.2499,15.2499,382.146,382.146,15.2499,15.2499,382.146,382.146,15.2499,15.2499,382.146,382.146,76.4291,76.4291,382.146,382.146,2,"[2, 4]",0.4883947363602348,0.05849289728223615,76.42911442534499
13,10000.0,5.0,152.8582,2.0,0.001,1,9,0.0,12.3919,12.3919,15.2499,62.105,15.2499,15.2499,6.67567,6.67567,15.2499,15.2499,9.53376,9.53376,15.2499,15.2499,6.67567,6.67567,76.4291,76.4291,9.53376,9.53376,2,"[2, 4]",0.4883947363602348,0.05849289728223615,76.42911442534499
13,10000.0,5.0,382.1456,5.0,0.001,1,9,0.0,15.2499,15.2499,62.105,12.3919,15.2499,15.2499,6.67567,6.67567,15.2499,15.2499,9.53376,9.53376,15.2499,15.2499,6.67567,6.67567,76.4291,76.4291,9.53376,9.53376,2,"[2, 4]",0.4883947363602348,0.05849289728223615,76.42911442534499
14,10000.0,5.0,106.0728,2.0,0.001,1,0,0.0,31.0952,31.0952,53.0364,31.0952,31.0952,31.0952,106.073,106.073,31.0952,31.0952,106.073,106.073,31.0952,31.0952,106.073,106.073,53.0364,31.0952,106.073,106.073,2,"[2, 2]",0.5287149827645559,0.10188727875826734,53.036422904283
14,10000.0,5.0,265.1821,5.0,0.001,1,0,0.0,31.0952,31.0952,31.0952,7.8843,31.0952,31.0952,265.182,265.182,31.0952,31.0952,265.182,265.182,31.0952,31.0952,265.182,265.182,53.0364,31.0952,265.182,265.182,2,"[2, 2]",0.5287149827645559,0.10188727875826734,53.036422904283
14,10000.0,5.0,106.0728,2.0,0.001,1,1,0.0,4.62255,4.62255,31.0952,7.8843,31.0952,31.0952,4.62255,4.62255,31.0952,31.0952,4.62255,4.62255,31.0952,31.0952,4.62255,4.62255,53.0364,31.0952,4.62255,4.62255,2,"[2, 2]",0.5287149827645559,0.10188727875826734,53.036422904283
14,10000.0,5.0,265.1821,5.0,0.001,1,1,0.0,31.0952,31.0952,53.0364,31.0952,31.0952,31.0952,4.62255,4.62255,31.0952,31.0952,4.62255,4.62255,31.0952,31.0952,4.62255,4.62255,53.0364,31.0952,4.62255,4.62255,2,"[2, 2]",0.5287149827645559,0.10188727875826734,53.036422904283
14,10000.0,5.0,106.0728,2.0,0.001,1,2,0.0,4.62255,4.62255,31.0952,4.62255,31.0952,31.0952,4.62255,4.62255,31.0952,31.0952,4.62255,4.62255,31.0952,31.0952,4.62255,4.62255,53.0364,31.0952,4.62255,4.62255,2,"[2, 2]",0.5287149827645559,0.10188727875826734,53.036422904283
14,10000.0,5.0,265.1821,5.0,0.001,1,2,0.0,4.62255,4.62255,31.0952,31.0952,31.0952,31.0952,4.62255,4.62255,31.0952,31.0952,4.62255,4.62255,31.0952,31.0952,4.62255,4.62255,53.0364,31.0952,4.62255,4.62255,2,"[2, 2]",0.5287149827645559,0.10188727875826734,53.036422904283
14,10000.0,5.0,106.0728,2.0,0.001,1,3,0.0,4.62255,4.62255,31.0952,53.0364,31.0952,31.0952,4.62255,4.62255,31.0952,31.0952,4.62255,4.62255,31.0952,31.0952,4.62255,4.62255,53.0364,31.0952,4.62255,4.62255,2,"[2, 2]",0.5287149827645559,0.10188727875826734,53.036422904283
14,10000.0,5.0,265.1821,5.0,0.001,1,3,0.0,4.62255,4.62255,4.62255,31.0952,31.0952,31.0952,4.62255,4.62255,31.0952,31.0952,4.62255,4.62255,31.0952,31.0952,4.62255,4.62255,53.0364,31.0952,4.62255,4.62255,2,"[2, 2]",0.5287149827645559,0.10188727875826734,53.036422904283
14,10000.0,5.0,106.0728,2.0,0.001,1,4,0.0,31.0952,31.0952,106.073,53.0364,31.0952,31.0952,106.073,106.073,31.0952,31.0952,106.073,106.073,31.0952,31.0952,106.073,106.073,53.0364,31.0952,106.073,106.073,2,"[2, 2]",0.5287149827645559,0.10188727875826734,53.036422904283
14,10000.0,5.0,265.1821,5.0,0.001,1,4,0.0,31.0952,31.0952,31.0952,31.0952,31.0952,31.0952,265.182,265.182,31.0952,31.0952,265.182,265.182,31.0952,31.0952,265.182,265.182,53.0364,31.0952,265.182,265.182,2,"[2, 2]",0.5287149827645559,0.10188727875826734,53.036422904283
14,10000.0,5.0,106.0728,2.0,0.001,1,5,0.0,4.62255,4.62255,7.8843,31.0952,31.0952,31.0952,4.62255,4.62255,31.0952,31.0952,4.62255,4.62255,31.0952,31.0952,4.62255,4.62255,53.0364,53.0364,4.62255,4.62255,2,"[2, 2]",0.5287149827645559,0.10188727875826734,53.036422904283
14,10000.0,5.0,265.1821,5.0,0.001,1,5,0.0,4.62255,4.62255,4.62255,7.8843,31.0952,31.0952,4.62255,4.62255,31.0952,31.0952,4.62255,4.62255,31.0952,31.0952,4.62255,4.62255,53.0364,53.0364,4.62255,4.62255,2,"[2, 2]",0.5287149827645559,0.10188727875826734,53.036422904283
14,10000.0,5.0,106.0728,2.0,0.001,1,6,0.0,31.0952,31.0952,53.0364,53.0364,31.0952,31.0952,106.073,106.073,31.0952,31.0952,106.073,106.073,31.0952,31.0952,106.073,106.073,53.0364,31.0952,106.073,106.073,2,"[2, 2]",0.5287149827645559,0.10188727875826734,53.036422904283
14,10000.0,5.0,265.1821,5.0,0.001,1,6,0.0,31.0952,31.0952,31.0952,31.0952,31.0952,31.0952,265.182,265.182,31.0952,31.0952,265.182,265.182,31.0952,31.0952,265.182,265.182,53.0364,31.0952,265.182,265.182,2,"[2, 2]",0.5287149827645559,0.10188727875826734,53.036422904283
14,10000.0,5.0,106.0728,2.0,0.001,1,7,0.0,4.62255,4.62255,53.0364,31.0952,31.0952,31.0952,4.62255,4.62255,31.0952,31.0952,4.62255,4.62255,31.0952,31.0952,4.62255,4.62255,53.0364,53.0364,4.62255,4.62255,2,"[2, 2]",0.5287149827645559,0.10188727875826734,53.036422904283
14,10000.0,5.0,265.1821,5.0,0.001,1,7,0.0,4.62255,4.62255,53.0364,31.0952,31.0952,31.0952,4.62255,4.62255,31.0952,31.0952,4.62255,4.62255,31.0952,31.0952,4.62255,4.62255,53.0364,53.0364,4.62255,4.62255,2,"[2, 2]",0.5287149827645559,0.10188727875826734,53.036422904283
14,10000.0,5.0,106.0728,2.0,0.001,1,8,0.0,31.0952,31.0952,31.0952,53.0364,31.0952,31.0952,106.073,106.073,31.0952,31.0952,106.073,106.073,31.0952,31.0952,106.073,106.073,53.0364,31.0952,106.073,106.073,2,"[2, 2]",0.5287149827645559,0.10188727875826734,53.036422904283
14,10000.0,5.0,265.1821,5.0,0.001,1,8,0.0,31.0952,31.0952,53.0364,31.0952,31.0952,31.0952,265.182,265.182,31.0952,31.0952,265.182,265.182,31.0952,31.0952,265.182,265.182,53.0364,31.0952,265.182,265.182,2,"[2, 2]",0.5287149827645559,0.10188727875826734,53.036422904283
14,10000.0,5.0,106.0728,2.0,0.001,1,9,0.0,4.62255,4.62255,53.0364,7.8843,31.0952,31.0952,4.62255,4.62255,31.0952,31.0952,4.62255,4.62255,31.0952,31.0952,4.62255,4.62255,53.0364,53.0364,4.62255,4.62255,2,"[2, 2]",0.5287149827645559,0.10188727875826734,53.036422904283
14,10000.0,5.0,265.1821,5.0,0.001,1,9,0.0,31.0952,31.0952,31.0952,31.0952,31.0952,31.0952,4.62255,4.62255,31.0952,31.0952,4.62255,4.62255,31.0952,31.0952,4.62255,4.62255,53.0364,53.0364,4.62255,4.62255,2,"[2, 2]",0.5287149827645559,0.10188727875826734,53.036422904283
15,10000.0,5.0,2309.5128,2.0,0.001,1,0,0.0,65.6863,65.6863,151.543,117.617,91.6517,91.6517,39.7209,39.7209,562.181,562.181,39.7209,39.7209,271.335,271.335,39.7209,39.7209,562.181,562.181,39.7209,39.7209,4,"[4, 3, 2, 3]",0.4969402611223044,0.03994101919185995,1154.756401713655
15,10000.0,5.0,5773.782,5.0,0.001,1,0,0.0,91.6517,91.6517,342.659,462.227,271.335,243.692,39.7209,39.7209,562.181,562.181,39.7209,39.7209,271.335,271.335,39.7209,39.7209,562.181,562.181,39.7209,39.7209,4,"[4, 3, 2, 3]",0.4969402611223044,0.03994101919185995,1154.756401713655
15,10000.0,5.0,2309.5128,2.0,0.001,1,1,0.0,2309.51,2309.51,2309.51,180.655,2309.51,2309.51,2309.51,2309.51,562.181,562.181,2309.51,2309.51,271.335,271.335,2309.51,2309.51,562.181,562.181,2309.51,2309.51,4,"[4, 3, 2, 3]",0.4969402611223044,0.03994101919185995,1154.756401713655
15,10000.0,5.0,5773.782,5.0,0.001,1,1,0.0,5773.78,5773.78,5773.78,5773.78,271.335,271.335,5773.78,5773.78,562.181,562.181,5773.78,5773.78,271.335,271.335,5773.78,5773.78,562.181,562.181,5773.78,5773.78,4,"[4, 3, 2, 3]",0.4969402611223044,0.03994101919185995,1154.756401713655
15,10000.0,5.0,2309.5128,2.0,0.001,1,2,0.0,65.6863,65.6863,1154.76,91.6517,91.6517,91.6517,39.7209,39.7209,562.181,562.181,39.7209,39.7209,271.335,271.335,39.7209,39.7209,562.181,562.181,39.7209,39.7209,4,"[4, 3, 2, 3]",0.4969402611223044,0.03994101919185995,1154.756401713655
15,10000.0,5.0,5773.782,5.0,0.001,1,2,0.0,91.6517,91.6517,298.706,140.773,271.335,271.335,39.7209,39.7209,562.181,562.181,39.7209,39.7209,271.335,271.335,39.7209,39.7209,562.181,562.181,39.7209,39.7209,4,"[4, 3, 2, 3]",0.4969402611223044,0.03994101919185995,1154.756401713655
15,10000.0,5.0,2309.5128,2.0,0.001,1,3,0.0,65.6863,65.6863,151.543,279.511,91.6517,91.6517,39.7209,39.7209,562.181,562.181,39.7209,39.7209,271.335,271.335,39.7209,39.7209,562.181,562.181,39.7209,39.7209,4,"[4, 3, 2, 3]",0.4969402611223044,0.03994101919185995,1154.756401713655
15,10000.0,5.0,5773.782,5.0,0.001,1,3,0.0,91.6517,91.6517,390.054,232.763,271.335,271.335,39.7209,39.7209,562.181,562.181,39.7209,39.7209,271.335,271.335,39.7209,39.7209,562.181,562.181,39.7209,39.7209,4,"[4, 3, 2, 3]",0.4969402611223044,0.03994101919185995,1154.756401713655
15,10000.0,5.0,2309.5128,2.0,0.001,1,4,0.0,65.6863,65.6863,207.208,241.593,91.6517,91.6517,39.7209,39.7209,562.181,562.181,39.7209,39.7209,271.335,271.335,39.7209,39.7209,562.181,562.181,39.7209,39.7209,4,"[4, 3, 2, 3]",0.4969402611223044,0.03994101919185995,1154.756401713655
15,10000.0,5.0,5773.782,5.0,0.001,1,4,0.0,91.6517,91.6517,207.208,313.964,271.335,271.335,39.7209,39.7209,562.181,562.181,39.7209,39.7209,271.335,271.335,39.7209,39.7209,562.181,562.181,39.7209,39.7209,4,"[4, 3, 2, 3]",0.4969402611223044,0.03994101919185995,1154.756401713655
15,10000.0,5.0,2309.5128,2.0,0.001,1,5,0.0,271.335,271.335,2309.51,2309.51,91.6517,91.6517,2309.51,2309.51,562.181,562.181,2309.51,2309.51,271.335,416.758,2309.51,2309.51,562.181,562.181,2309.51,2309.51,4,"[4, 3, 2, 3]",0.4969402611223044,0.03994101919185995,1154.756401713655
15,10000.0,5.0,5773.782,5.0,0.001,1,5,0.0,562.181,562.181,5773.78,5773.78,271.335,271.335,5773.78,5773.78,562.181,562.181,5773.78,5773.78,271.335,416.758,5773.78,5773.78,562.181,562.181,5773.78,5773.78,4,"[4, 3, 2, 3]",0.4969402611223044,0.03994101919185995,1154.756401713655
15,10000.0,5.0,2309.5128,2.0,0.001,1,6,0.0,91.6517,91.6517,140.773,117.617,91.6517,91.6517,39.7209,39.7209,562.181,562.181,39.7209,39.7209,271.335,271.335,39.7209,39.7209,562.181,562.181,39.7209,39.7209,4,"[4, 3, 2, 3]",0.4969402611223044,0.03994101919185995,1154.756401713655
15,10000.0,5.0,5773.782,5.0,0.001,1,6,0.0,91.6517,91.6517,188.221,188.259,271.335,243.692,39.7209,39.7209,562.181,562.181,39.7209,39.7209,271.335,271.335,39.7209,39.7209,562.181,562.181,39.7209,39.7209,4,"[4, 3, 2, 3]",0.4969402611223044,0.03994101919185995,1154.756401713655
15,10000.0,5.0,2309.5128,2.0,0.001,1,7,0.0,91.6517,91.6517,399.466,2309.51,91.6517,91.6517,39.7209,39.7209,562.181,562.181,39.7209,39.7209,271.335,271.335,39.7209,39.7209,562.181,562.181,39.7209,39.7209,4,"[4, 3, 2, 3]",0.4969402611223044,0.03994101919185995,1154.756401713655
15,10000.0,5.0,5773.782,5.0,0.001,1,7,0.0,91.6517,91.6517,313.983,5773.78,271.335,271.335,39.7209,39.7209,562.181,562.181,39.7209,39.7209,271.335,271.335,39.7209,39.7209,562.181,562.181,39.7209,39.7209,4,"[4, 3, 2, 3]",0.4969402611223044,0.03994101919185995,1154.756401713655
15,10000.0,5.0,2309.5128,2.0,0.001,1,8,0.0,91.6517,91.6517,478.111,188.259,91.6517,91.6517,39.7209,39.7209,562.181,562.181,39.7209,39.7209,271.335,271.335,39.7209,39.7209,562.181,562.181,39.7209,39.7209,4,"[4, 3, 2, 3]",0.4969402611223044,0.03994101919185995,1154.756401713655
15,10000.0,5.0,5773.782,5.0,0.001,1,8,0.0,271.335,271.335,557.34,5773.78,271.335,271.335,39.7209,39.7209,562.181,562.181,39.7209,39.7209,271.335,271.335,39.7209,39.7209,562.181,562.181,39.7209,39.7209,4,"[4, 3, 2, 3]",0.4969402611223044,0.03994101919185995,1154.756401713655
15,10000.0,5.0,2309.5128,2.0,0.001,1,9,0.0,189.894,189.894,2309.51,211.434,91.6517,91.6517,39.7209,39.7209,562.181,562.181,39.7209,39.7209,271.335,271.335,39.7209,39.7209,562.181,562.181,39.7209,39.7209,4,"[4, 3, 2, 3]",0.4969402611223044,0.03994101919185995,1154.756401713655
15,10000.0,5.0,5773.782,5.0,0.001,1,9,0.0,91.6517,91.6517,5773.78,313.964,271.335,271.335,39.7209,39.7209,562.181,562.181,39.7209,39.7209,271.335,271.335,39.7209,39.7209,562.181,562.181,39.7209,39.7209,4,"[4, 3, 2, 3]",0.4969402611223044,0.03994101919185995,1154.756401713655
16,10000.0,5.0,132.2135,2.0,0.001,1,0,0.0,9.57704,9.57704,48.7035,31.3002,13.8969,13.8969,132.214,132.214,13.8969,13.8969,9.57704,9.57704,13.8969,13.8969,132.214,132.214,66.1068,13.8969,9.57704,9.57704,2,"[3, 4]",0.5093053904997373,0.02583675913221731,66.106760834349
16,10000.0,5.0,330.5338,5.0,0.001,1,0,0.0,9.57704,9.57704,45.5576,13.8969,13.8969,13.8969,330.534,330.534,13.8969,13.8969,9.57704,9.57704,13.8969,13.8969,330.534,330.534,66.1068,13.8969,9.57704,9.57704,2,"[3, 4]",0.5093053904997373,0.02583675913221731,66.106760834349
16,10000.0,5.0,132.2135,2.0,0.001,1,1,0.0,13.8969,13.8969,31.3002,66.1068,13.8969,13.8969,132.214,132.214,13.8969,13.8969,132.214,132.214,13.8969,13.8969,132.214,132.214,66.1068,13.8969,132.214,132.214,2,"[3, 4]",0.5093053904997373,0.02583675913221731,66.106760834349
16,10000.0,5.0,330.5338,5.0,0.001,1,1,0.0,13.8969,13.8969,13.8969,31.3002,13.8969,13.8969,330.534,330.534,13.8969,13.8969,330.534,330.534,13.8969,13.8969,330.534,330.534,66.1068,13.8969,330.534,330.534,2,"[3, 4]",0.5093053904997373,0.02583675913221731,66.106760834349
16,10000.0,5.0,132.2135,2.0,0.001,1,2,0.0,9.57704,9.57704,33.5641,9.57704,13.8969,13.8969,132.214,132.214,13.8969,13.8969,9.57704,9.57704,13.8969,13.8969,132.214,132.214,66.1068,13.8969,9.57704,9.57704,2,"[3, 4]",0.5093053904997373,0.02583675913221731,66.106760834349
16,10000.0,5.0,330.5338,5.0,0.001,1,2,0.0,9.57704,9.57704,48.7035,31.3002,13.8969,13.8969,330.534,330.534,13.8969,13.8969,9.57704,9.57704,13.8969,13.8969,330.534,330.534,66.1068,13.8969,9.57704,9.57704,2,"[3, 4]",0.5093053904997373,0.02583675913221731,66.106760834349
16,10000.0,5.0,132.2135,2.0,0.001,1,3,0.0,9.57704,9.57704,13.8969,13.8969,13.8969,13.8969,132.214,132.214,13.8969,13.8969,9.57704,9.57704,13.8969,13.8969,132.214,132.214,66.1068,13.8969,9.57704,9.57704,2,"[3, 4]",0.5093053904997373,0.02583675913221731,66.106760834349
16,10000.0,5.0,330.5338,5.0,0.001,1,3,0.0,9.57704,9.57704,13.8969,9.57704,13.8969,13.8969,330.534,330.534,13.8969,13.8969,9.57704,9.57704,13.8969,13.8969,330.534,330.534,66.1068,13.8969,9.57704,9.57704,2,"[3, 4]",0.5093053904997373,0.02583675913221731,66.106760834349
16,10000.0,5.0,132.2135,2.0,0.001,1,4,0.0,9.57704,9.57704,66.1068,31.3002,13.8969,13.8969,132.214,132.214,13.8969,13.8969,9.57704,9.57704,13.8969,13.8969,132.214,132.214,66.1068,13.8969,9.57704,9.57704,2,"[3, 4]",0.5093053904997373,0.02583675913221731,66.106760834349
16,10000.0,5.0,330.5338,5.0,0.001,1,4,0.0,9.57704,9.57704,48.7035,13.8969,13.8969,13.8969,330.534,330.534,13.8969,13.8969,9.57704,9.57704,13.8969,13.8969,330.534,330.534,66.1068,13.8969,9.57704,9.57704,2,"[3, 4]",0.5093053904997373,0.02583675913221731,66.106760834349
16,10000.0,5.0,132.2135,2.0,0.001,1,5,0.0,9.57704,9.57704,45.5576,13.8969,13.8969,13.8969,132.214,132.214,13.8969,13.8969,9.57704,9.57704,13.8969,13.8969,132.214,132.214,66.1068,13.8969,9.57704,9.57704,2,"[3, 4]",0.5093053904997373,0.02583675913221731,66.106760834349
16,10000.0,5.0,330.5338,5.0,0.001,1,5,0.0,9.57704,9.57704,13.8969,21.5706,13.8969,13.8969,330.534,330.534,13.8969,13.8969,9.57704,9.57704,13.8969,13.8969,330.534,330.534,66.1068,13.8969,9.57704,9.57704,2,"[3, 4]",0.5093053904997373,0.02583675913221731,66.106760834349
16,10000.0,5.0,132.2135,2.0,0.001,1,6,0.0,13.8969,13.8969,48.7035,13.8969,13.8969,13.8969,132.214,132.214,13.8969,13.8969,132.214,132.214,13.8969,13.8969,132.214,132.214,66.1068,13.8969,132.214,132.214,2,"[3, 4]",0.5093053904997373,0.02583675913221731,66.106760834349
16,10000.0,5.0,330.5338,5.0,0.001,1,6,0.0,13.8969,13.8969,66.1068,13.8969,13.8969,13.8969,330.534,330.534,13.8969,13.8969,330.534,330.534,13.8969,13.8969,330.534,330.534,66.1068,13.8969,330.534,330.534,2,"[3, 4]",0.5093053904997373,0.02583675913221731,66.106760834349
16,10000.0,5.0,132.2135,2.0,0.001,1,7,0.0,9.57704,9.57704,132.214,31.3002,13.8969,13.8969,132.214,132.214,13.8969,13.8969,9.57704,9.57704,13.8969,13.8969,132.214,132.214,66.1068,13.8969,9.57704,9.57704,2,"[3, 4]",0.5093053904997373,0.02583675913221731,66.106760834349
16,10000.0,5.0,330.5338,5.0,0.001,1,7,0.0,9.57704,9.57704,31.3002,13.8969,13.8969,13.8969,330.534,330.534,13.8969,13.8969,9.57704,9.57704,13.8969,13.8969,330.534,330.534,66.1068,13.8969,9.57704,9.57704,2,"[3, 4]",0.5093053904997373,0.02583675913221731,66.106760834349
16,10000.0,5.0,132.2135,2.0,0.001,1,8,0.0,9.57704,9.57704,13.8969,13.8969,13.8969,13.8969,132.214,132.214,13.8969,13.8969,9.57704,9.57704,13.8969,13.8969,132.214,132.214,66.1068,13.8969,9.57704,9.57704,2,"[3, 4]",0.5093053904997373,0.02583675913221731,66.106760834349
16,10000.0,5.0,330.5338,5.0,0.001,1,8,0.0,9.57704,9.57704,33.5641,13.8969,13.8969,13.8969,330.534,330.534,13.8969,13.8969,9.57704,9.57704,13.8969,13.8969,330.534,330.534,66.1068,13.8969,9.57704,9.57704,2,"[3, 4]",0.5093053904997373,0.02583675913221731,66.106760834349
16,10000.0,5.0,132.2135,2.0,0.001,1,9,0.0,13.8969,13.8969,13.8969,13.8969,13.8969,13.8969,132.214,132.214,13.8969,13.8969,132.214,132.214,13.8969,13.8969,132.214,132.214,66.1068,13.8969,132.214,132.214,2,"[3, 4]",0.5093053904997373,0.02583675913221731,66.106760834349
16,10000.0,5.0,330.5338,5.0,0.001,1,9,0.0,13.8969,13.8969,48.7035,13.8969,13.8969,13.8969,330.534,330.534,13.8969,13.8969,330.534,330.534,13.8969,13.8969,330.534,330.534,66.1068,13.8969,330.534,330.534,2,"[3, 4]",0.5093053904997373,0.02583675913221731,66.106760834349
17,10000.0,5.0,103.7384,2.0,0.001,1,0,0.0,7.16136,7.16136,10.2063,17.5965,7.16136,7.16136,7.16136,7.16136,7.16136,7.16136,7.16136,7.16136,7.16136,7.16136,7.16136,7.16136,28.0315,28.0315,7.16136,7.16136,2,"[3, 3]",0.6291978236576699,0.2580037345091738,51.86921778216
17,10000.0,5.0,259.3461,5.0,0.001,1,0,0.0,7.16136,7.16136,17.5965,51.8692,7.16136,7.16136,7.16136,7.16136,7.16136,7.16136,7.16136,7.16136,7.16136,7.16136,7.16136,7.16136,28.0315,28.0315,7.16136,7.16136,2,"[3, 3]",0.6291978236576699,0.2580037345091738,51.86921778216
17,10000.0,5.0,103.7384,2.0,0.001,1,1,0.0,7.16136,7.16136,7.16136,7.16136,7.16136,7.16136,7.16136,7.16136,7.16136,7.16136,7.16136,7.16136,7.16136,7.16136,7.16136,7.16136,28.0315,28.0315,7.16136,7.16136,2,"[3, 3]",0.6291978236576699,0.2580037345091738,51.86921778216
17,10000.0,5.0,259.3461,5.0,0.001,1,1,0.0,7.16136,7.16136,51.8692,39.9504,7.16136,7.16136,7.16136,7.16136,7.16136,7.16136,7.16136,7.16136,7.16136,7.16136,7.16136,7.16136,28.0315,28.0315,7.16136,7.16136,2,"[3, 3]",0.6291978236576699,0.2580037345091738,51.86921778216
17,10000.0,5.0,103.7384,2.0,0.001,1,2,0.0,7.16136,7.16136,103.738,103.738,7.16136,7.16136,7.16136,7.16136,7.16136,7.16136,7.16136,7.16136,7.16136,7.16136,7.16136,7.16136,103.738,103.738,7.16136,7.16136,2,"[3, 3]",0.6291978236576699,0.2580037345091738,51.86921778216
17,10000.0,5.0,259.3461,5.0,0.001,1,2,0.0,7.16136,7.16136,259.346,7.16136,7.16136,7.16136,7.16136,7.16136,7.16136,7.16136,7.16136,7.16136,7.16136,7.16136,7.16136,7.16136,259.346,259.346,7.16136,7.16136,2,"[3, 3]",0.6291978236576699,0.2580037345091738,51.86921778216
17,10000.0,5.0,103.7384,2.0,0.001,1,3,0.0,7.16136,7.16136,13.2513,10.2063,7.16136,7.16136,7.16136,7.16136,7.16136,7.16136,7.16136,7.16136,7.16136,7.16136,7.16136,7.16136,28.0315,28.0315,7.16136,7.16136,2,"[3, 3]",0.6291978236576699,0.2580037345091738,51.86921778216
17,10000.0,5.0,259.3461,5.0,0.001,1,3,0.0,7.16136,7.16136,10.2063,7.16136,7.16136,7.16136,7.16136,7.16136,7.16136,7.16136,7.16136,7.16136,7.16136,7.16136,7.16136,7.16136,28.0315,28.0315,7.16136,7.16136,2,"[3, 3]",0.6291978236576699,0.2580037345091738,51.86921778216
17,10000.0,5.0,103.7384,2.0,0.001,1,4,0.0,7.16136,7.16136,25.0784,7.16136,7.16136,7.16136,7.16136,7.16136,7.16136,7.16136,7.16136,7.16136,7.16136,7.16136,7.16136,7.16136,28.0315,28.0315,7.16136,7.16136,2,"[3, 3]",0.6291978236576699,0.2580037345091738,51.86921778216
17,10000.0,5.0,259.3461,5.0,0.001,1,4,0.0,7.16136,7.16136,25.0784,28.0315,7.16136,7.16136,7.16136,7.16136,7.16136,7.16136,7.16136,7.16136,7.16136,7.16136,7.16136,7.16136,28.0315,28.0315,7.16136,7.16136,2,"[3, 3]",0.6291978236576699,0.2580037345091738,51.86921778216
17,10000.0,5.0,103.7384,2.0,0.001,1,5,0.0,7.16136,7.16136,28.0315,51.8692,7.16136,7.16136,7.16136,7.16136,7.16136,7.16136,7.16136,7.16136,7.16136,7.16136,7.16136,7.16136,28.0315,28.0315,7.16136,7.16136,2,"[3, 3]",0.6291978236576699,0.2580037345091738,51.86921778216
17,10000.0,5.0,259.3461,5.0,0.001,1,5,0.0,7.16136,7.16136,25.0784,7.16136,7.16136,7.16136,7.16136,7.16136,7.16136,7.16136,7.16136,7.16136,7.16136,7.16136,7.16136,7.16136,28.0315,28.0315,7.16136,7.16136,2,"[3, 3]",0.6291978236576699,0.2580037345091738,51.86921778216
17,10000.0,5.0,103.7384,2.0,0.001,1,6,0.0,7.16136,7.16136,39.9504,13.2513,7.16136,7.16136,7.16136,7.16136,7.16136,7.16136,7.16136,7.16136,7.16136,7.16136,7.16136,7.16136,28.0315,28.0315,7.16136,7.16136,2,"[3, 3]",0.6291978236576699,0.2580037345091738,51.86921778216
17,10000.0,5.0,259.3461,5.0,0.001,1,6,0.0,7.16136,7.16136,17.5965,7.16136,7.16136,7.16136,7.16136,7.16136,7.16136,7.16136,7.16136,7.16136,7.16136,7.16136,7.16136,7.16136,28.0315,28.0315,7.16136,7.16136,2,"[3, 3]",0.6291978236576699,0.2580037345091738,51.86921778216
17,10000.0,5.0,103.7384,2.0,0.001,1,7,0.0,7.16136,7.16136,28.0315,7.16136,7.16136,7.16136,7.16136,7.16136,7.16136,7.16136,7.16136,7.16136,7.16136,7.16136,7.16136,7.16136,28.0315,28.0315,7.16136,7.16136,2,"[3, 3]",0.6291978236576699,0.2580037345091738,51.86921778216
17,10000.0,5.0,259.3461,5.0,0.001,1,7,0.0,7.16136,7.16136,17.5965,7.16136,7.16136,7.16136,7.16136,7.16136,7.16136,7.16136,7.16136,7.16136,7.16136,7.16136,7.16136,7.16136,28.0315,28.0315,7.16136,7.16136,2,"[3, 3]",0.6291978236576699,0.2580037345091738,51.86921778216
17,10000.0,5.0,103.7384,2.0,0.001,1,8,0.0,7.16136,7.16136,25.0784,7.16136,7.16136,7.16136,7.16136,7.16136,7.16136,7.16136,7.16136,7.16136,7.16136,7.16136,7.16136,7.16136,28.0315,28.0315,7.16136,7.16136,2,"[3, 3]",0.6291978236576699,0.2580037345091738,51.86921778216
17,10000.0,5.0,259.3461,5.0,0.001,1,8,0.0,7.16136,7.16136,28.0315,13.2513,7.16136,7.16136,7.16136,7.16136,7.16136,7.16136,7.16136,7.16136,7.16136,7.16136,7.16136,7.16136,28.0315,28.0315,7.16136,7.16136,2,"[3, 3]",0.6291978236576699,0.2580037345091738,51.86921778216
17,10000.0,5.0,103.7384,2.0,0.001,1,9,0.0,7.16136,7.16136,13.2513,7.16136,7.16136,7.16136,7.16136,7.16136,7.16136,7.16136,7.16136,7.16136,7.16136,7.16136,7.16136,7.16136,28.0315,28.0315,7.16136,7.16136,2,"[3, 3]",0.6291978236576699,0.2580037345091738,51.86921778216
17,10000.0,5.0,259.3461,5.0,0.001,1,9,0.0,7.16136,7.16136,25.0784,13.2513,7.16136,7.16136,7.16136,7.16136,7.16136,7.16136,7.16136,7.16136,7.16136,7.16136,7.16136,7.16136,28.0315,28.0315,7.16136,7.16136,2,"[3, 3]",0.6291978236576699,0.2580037345091738,51.86921778216
18,10000.0,5.0,68.7576,2.0,0.001,1,0,0.0,2.1754,2.1754,4.18526,4.18526,2.1754,2.1754,2.1754,2.1754,2.1754,2.1754,2.1754,2.1754,2.1754,2.1754,2.1754,2.1754,9.1149,9.1149,2.1754,2.1754,2,"[3, 4]",0.6181146689723521,0.1698124908833068,34.378797434181
18,10000.0,5.0,171.894,5.0,0.001,1,0,0.0,2.1754,2.1754,10.8607,9.1149,2.1754,2.1754,2.1754,2.1754,2.1754,2.1754,2.1754,2.1754,2.1754,2.1754,2.1754,2.1754,9.1149,9.1149,2.1754,2.1754,2,"[3, 4]",0.6181146689723521,0.1698124908833068,34.378797434181
18,10000.0,5.0,68.7576,2.0,0.001,1,1,0.0,2.1754,2.1754,68.7576,4.18526,2.1754,2.1754,2.1754,2.1754,2.1754,2.1754,2.1754,2.1754,2.1754,2.1754,2.1754,2.1754,68.7576,68.7576,2.1754,2.1754,2,"[3, 4]",0.6181146689723521,0.1698124908833068,34.378797434181
18,10000.0,5.0,171.894,5.0,0.001,1,1,0.0,2.1754,2.1754,2.1754,10.8607,2.1754,2.1754,2.1754,2.1754,2.1754,2.1754,2.1754,2.1754,2.1754,2.1754,2.1754,2.1754,171.894,171.894,2.1754,2.1754,2,"[3, 4]",0.6181146689723521,0.1698124908833068,34.378797434181
18,10000.0,5.0,68.7576,2.0,0.001,1,2,0.0,2.1754,2.1754,4.18526,34.3788,2.1754,2.1754,2.1754,2.1754,2.1754,2.1754,2.1754,2.1754,2.1754,2.1754,2.1754,2.1754,9.1149,9.1149,2.1754,2.1754,2,"[3, 4]",0.6181146689723521,0.1698124908833068,34.378797434181
18,10000.0,5.0,171.894,5.0,0.001,1,2,0.0,2.1754,2.1754,6.19512,4.18526,2.1754,2.1754,2.1754,2.1754,2.1754,2.1754,2.1754,2.1754,2.1754,2.1754,2.1754,2.1754,9.1149,9.1149,2.1754,2.1754,2,"[3, 4]",0.6181146689723521,0.1698124908833068,34.378797434181
18,10000.0,5.0,68.7576,2.0,0.001,1,3,0.0,2.1754,2.1754,34.3788,25.9575,2.1754,2.1754,2.1754,2.1754,2.1754,2.1754,2.1754,2.1754,2.1754,2.1754,2.1754,2.1754,9.1149,9.1149,2.1754,2.1754,2,"[3, 4]",0.6181146689723521,0.1698124908833068,34.378797434181
18,10000.0,5.0,171.894,5.0,0.001,1,3,0.0,2.1754,2.1754,21.2919,2.1754,2.1754,2.1754,2.1754,2.1754,2.1754,2.1754,2.1754,2.1754,2.1754,2.1754,2.1754,2.1754,9.1149,9.1149,2.1754,2.1754,2,"[3, 4]",0.6181146689723521,0.1698124908833068,34.378797434181
18,10000.0,5.0,68.7576,2.0,0.001,1,4,0.0,2.1754,2.1754,6.19512,25.9575,2.1754,2.1754,2.1754,2.1754,2.1754,2.1754,2.1754,2.1754,2.1754,2.1754,2.1754,2.1754,9.1149,9.1149,2.1754,2.1754,2,"[3, 4]",0.6181146689723521,0.1698124908833068,34.378797434181
18,10000.0,5.0,171.894,5.0,0.001,1,4,0.0,2.1754,2.1754,6.19512,6.19512,2.1754,2.1754,2.1754,2.1754,2.1754,2.1754,2.1754,2.1754,2.1754,2.1754,2.1754,2.1754,9.1149,9.1149,2.1754,2.1754,2,"[3, 4]",0.6181146689723521,0.1698124908833068,34.378797434181
18,10000.0,5.0,68.7576,2.0,0.001,1,5,0.0,2.1754,2.1754,21.2919,2.1754,2.1754,2.1754,2.1754,2.1754,2.1754,2.1754,2.1754,2.1754,2.1754,2.1754,2.1754,2.1754,9.1149,9.1149,2.1754,2.1754,2,"[3, 4]",0.6181146689723521,0.1698124908833068,34.378797434181
18,10000.0,5.0,171.894,5.0,0.001,1,5,0.0,2.1754,2.1754,16.0763,16.0763,2.1754,2.1754,2.1754,2.1754,2.1754,2.1754,2.1754,2.1754,2.1754,2.1754,2.1754,2.1754,9.1149,9.1149,2.1754,2.1754,2,"[3, 4]",0.6181146689723521,0.1698124908833068,34.378797434181
18,10000.0,5.0,68.7576,2.0,0.001,1,6,0.0,2.1754,2.1754,2.1754,16.0763,2.1754,2.1754,2.1754,2.1754,2.1754,2.1754,2.1754,2.1754,2.1754,2.1754,2.1754,2.1754,9.1149,9.1149,2.1754,2.1754,2,"[3, 4]",0.6181146689723521,0.1698124908833068,34.378797434181
18,10000.0,5.0,171.894,5.0,0.001,1,6,0.0,2.1754,2.1754,10.8607,4.18526,2.1754,2.1754,2.1754,2.1754,2.1754,2.1754,2.1754,2.1754,2.1754,2.1754,2.1754,2.1754,9.1149,9.1149,2.1754,2.1754,2,"[3, 4]",0.6181146689723521,0.1698124908833068,34.378797434181
18,10000.0,5.0,68.7576,2.0,0.001,1,7,0.0,2.1754,2.1754,9.1149,21.2919,2.1754,2.1754,2.1754,2.1754,2.1754,2.1754,2.1754,2.1754,2.1754,2.1754,2.1754,2.1754,9.1149,9.1149,2.1754,2.1754,2,"[3, 4]",0.6181146689723521,0.1698124908833068,34.378797434181
18,10000.0,5.0,171.894,5.0,0.001,1,7,0.0,2.1754,2.1754,10.8607,9.1149,2.1754,2.1754,2.1754,2.1754,2.1754,2.1754,2.1754,2.1754,2.1754,2.1754,2.1754,2.1754,9.1149,9.1149,2.1754,2.1754,2,"[3, 4]",0.6181146689723521,0.1698124908833068,34.378797434181
18,10000.0,5.0,68.7576,2.0,0.001,1,8,0.0,2.1754,2.1754,2.1754,34.3788,2.1754,2.1754,2.1754,2.1754,2.1754,2.1754,2.1754,2.1754,2.1754,2.1754,2.1754,2.1754,9.1149,9.1149,2.1754,2.1754,2,"[3, 4]",0.6181146689723521,0.1698124908833068,34.378797434181
18,10000.0,5.0,171.894,5.0,0.001,1,8,0.0,2.1754,2.1754,10.8607,2.1754,2.1754,2.1754,2.1754,2.1754,2.1754,2.1754,2.1754,2.1754,2.1754,2.1754,2.1754,2.1754,9.1149,9.1149,2.1754,2.1754,2,"[3, 4]",0.6181146689723521,0.1698124908833068,34.378797434181
18,10000.0,5.0,68.7576,2.0,0.001,1,9,0.0,2.1754,2.1754,8.20498,5.64515,2.1754,2.1754,2.1754,2.1754,2.1754,2.1754,2.1754,2.1754,2.1754,2.1754,2.1754,2.1754,9.1149,9.1149,2.1754,2.1754,2,"[3, 4]",0.6181146689723521,0.1698124908833068,34.378797434181
18,10000.0,5.0,171.894,5.0,0.001,1,9,0.0,2.1754,2.1754,21.2919,4.18526,2.1754,2.1754,2.1754,2.1754,2.1754,2.1754,2.1754,2.1754,2.1754,2.1754,2.1754,2.1754,9.1149,9.1149,2.1754,2.1754,2,"[3, 4]",0.6181146689723521,0.1698124908833068,34.378797434181
19,10000.0,5.0,281.7123,2.0,0.001,1,0,0.0,15.1802,15.1802,78.2207,36.7548,19.5203,19.5203,10.8401,10.8401,19.5203,19.5203,10.8401,10.8401,19.5203,19.5203,10.8401,10.8401,19.5203,19.5203,10.8401,10.8401,3,"[3, 2, 2]",0.4449036037412425,0.03885240826857838,140.856149099139
19,10000.0,5.0,704.2807,5.0,0.001,1,0,0.0,15.1802,15.1802,78.2207,47.2633,19.5203,19.5203,10.8401,10.8401,19.5203,19.5203,10.8401,10.8401,19.5203,19.5203,10.8401,10.8401,19.5203,19.5203,10.8401,10.8401,3,"[3, 2, 2]",0.4449036037412425,0.03885240826857838,140.856149099139
19,10000.0,5.0,281.7123,2.0,0.001,1,1,0.0,19.5203,19.5203,140.856,19.5203,19.5203,19.5203,10.8401,10.8401,19.5203,19.5203,10.8401,10.8401,19.5203,19.5203,10.8401,10.8401,19.5203,19.5203,10.8401,10.8401,3,"[3, 2, 2]",0.4449036037412425,0.03885240826857838,140.856149099139
19,10000.0,5.0,704.2807,5.0,0.001,1,1,0.0,19.5203,19.5203,58.1753,47.2633,19.5203,19.5203,10.8401,10.8401,19.5203,19.5203,10.8401,10.8401,19.5203,19.5203,10.8401,10.8401,19.5203,19.5203,10.8401,10.8401,3,"[3, 2, 2]",0.4449036037412425,0.03885240826857838,140.856149099139
19,10000.0,5.0,281.7123,2.0,0.001,1,2,0.0,15.1802,15.1802,45.2407,15.1802,19.5203,19.5203,10.8401,10.8401,19.5203,19.5203,10.8401,10.8401,19.5203,19.5203,10.8401,10.8401,19.5203,19.5203,10.8401,10.8401,3,"[3, 2, 2]",0.4449036037412425,0.03885240826857838,140.856149099139
19,10000.0,5.0,704.2807,5.0,0.001,1,2,0.0,15.1802,15.1802,19.5203,10.8401,19.5203,19.5203,10.8401,10.8401,19.5203,19.5203,10.8401,10.8401,19.5203,19.5203,10.8401,10.8401,19.5203,19.5203,10.8401,10.8401,3,"[3, 2, 2]",0.4449036037412425,0.03885240826857838,140.856149099139
19,10000.0,5.0,281.7123,2.0,0.001,1,3,0.0,15.1802,15.1802,109.538,19.5203,19.5203,19.5203,10.8401,10.8401,19.5203,19.5203,10.8401,10.8401,19.5203,19.5203,10.8401,10.8401,19.5203,19.5203,10.8401,10.8401,3,"[3, 2, 2]",0.4449036037412425,0.03885240826857838,140.856149099139
19,10000.0,5.0,704.2807,5.0,0.001,1,3,0.0,19.5203,19.5203,26.2464,36.7548,19.5203,19.5203,10.8401,10.8401,19.5203,19.5203,10.8401,10.8401,19.5203,19.5203,10.8401,10.8401,19.5203,19.5203,10.8401,10.8401,3,"[3, 2, 2]",0.4449036037412425,0.03885240826857838,140.856149099139
19,10000.0,5.0,281.7123,2.0,0.001,1,4,0.0,15.1802,15.1802,36.7548,45.2407,19.5203,19.5203,10.8401,10.8401,19.5203,19.5203,10.8401,10.8401,19.5203,19.5203,10.8401,10.8401,19.5203,19.5203,10.8401,10.8401,3,"[3, 2, 2]",0.4449036037412425,0.03885240826857838,140.856149099139
19,10000.0,5.0,704.2807,5.0,0.001,1,4,0.0,19.5203,19.5203,19.5203,10.8401,19.5203,19.5203,10.8401,10.8401,19.5203,19.5203,10.8401,10.8401,19.5203,19.5203,10.8401,10.8401,19.5203,19.5203,10.8401,10.8401,3,"[3, 2, 2]",0.4449036037412425,0.03885240826857838,140.856149099139
19,10000.0,5.0,281.7123,2.0,0.001,1,5,0.0,19.5203,19.5203,19.5203,281.712,19.5203,19.5203,281.712,281.712,19.5203,19.5203,281.712,281.712,19.5203,19.5203,281.712,281.712,19.5203,19.5203,281.712,281.712,3,"[3, 2, 2]",0.4449036037412425,0.03885240826857838,140.856149099139
19,10000.0,5.0,704.2807,5.0,0.001,1,5,0.0,19.5203,19.5203,704.281,45.2407,19.5203,19.5203,704.281,704.281,19.5203,19.5203,704.281,704.281,19.5203,19.5203,704.281,704.281,19.5203,19.5203,704.281,704.281,3,"[3, 2, 2]",0.4449036037412425,0.03885240826857838,140.856149099139
19,10000.0,5.0,281.7123,2.0,0.001,1,6,0.0,15.1802,15.1802,281.712,15.1802,19.5203,19.5203,10.8401,10.8401,19.5203,19.5203,10.8401,10.8401,19.5203,19.5203,10.8401,10.8401,19.5203,19.5203,10.8401,10.8401,3,"[3, 2, 2]",0.4449036037412425,0.03885240826857838,140.856149099139
19,10000.0,5.0,704.2807,5.0,0.001,1,6,0.0,704.281,704.281,15.1802,10.8401,19.5203,19.5203,10.8401,10.8401,19.5203,19.5203,10.8401,10.8401,19.5203,19.5203,10.8401,10.8401,19.5203,19.5203,10.8401,10.8401,3,"[3, 2, 2]",0.4449036037412425,0.03885240826857838,140.856149099139
19,10000.0,5.0,281.7123,2.0,0.001,1,7,0.0,15.1802,15.1802,78.2207,19.5203,19.5203,19.5203,10.8401,10.8401,19.5203,19.5203,10.8401,10.8401,19.5203,19.5203,10.8401,10.8401,19.5203,19.5203,10.8401,10.8401,3,"[3, 2, 2]",0.4449036037412425,0.03885240826857838,140.856149099139
19,10000.0,5.0,704.2807,5.0,0.001,1,7,0.0,15.1802,15.1802,32.3061,10.8401,19.5203,19.5203,10.8401,10.8401,19.5203,19.5203,10.8401,10.8401,19.5203,19.5203,10.8401,10.8401,19.5203,19.5203,10.8401,10.8401,3,"[3, 2, 2]",0.4449036037412425,0.03885240826857838,140.856149099139
19,10000.0,5.0,281.7123,2.0,0.001,1,8,0.0,15.1802,15.1802,281.712,47.2633,19.5203,19.5203,10.8401,10.8401,19.5203,19.5203,10.8401,10.8401,19.5203,19.5203,10.8401,10.8401,19.5203,19.5203,10.8401,10.8401,3,"[3, 2, 2]",0.4449036037412425,0.03885240826857838,140.856149099139
19,10000.0,5.0,704.2807,5.0,0.001,1,8,0.0,15.1802,15.1802,704.281,47.2633,19.5203,19.5203,10.8401,10.8401,19.5203,19.5203,10.8401,10.8401,19.5203,19.5203,10.8401,10.8401,19.5203,19.5203,10.8401,10.8401,3,"[3, 2, 2]",0.4449036037412425,0.03885240826857838,140.856149099139
19,10000.0,5.0,281.7123,2.0,0.001,1,9,0.0,19.5203,19.5203,58.1753,45.2407,19.5203,19.5203,10.8401,10.8401,19.5203,19.5203,10.8401,10.8401,19.5203,19.5203,10.8401,10.8401,19.5203,19.5203,10.8401,10.8401,3,"[3, 2, 2]",0.4449036037412425,0.03885240826857838,140.856149099139
19,10000.0,5.0,704.2807,5.0,0.001,1,9,0.0,19.5203,19.5203,58.1753,58.1753,19.5203,19.5203,10.8401,10.8401,19.5203,19.5203,10.8401,10.8401,19.5203,19.5203,10.8401,10.8401,19.5203,19.5203,10.8401,10.8401,3,"[3, 2, 2]",0.4449036037412425,0.03885240826857838,140.856149099139
20,10000.0,5.0,424.7061,2.0,0.001,1,0,0.0,8.22126,8.22126,19.8117,133.974,19.8117,18.0414,8.22126,8.22126,68.9116,68.9116,8.22126,8.22126,31.6441,18.0414,8.22126,8.22126,68.9116,68.9116,8.22126,8.22126,3,"[3, 3, 2]",0.33264667558854577,0.05619244130758708,212.35305845465962
20,10000.0,5.0,1061.7653,5.0,0.001,1,0,0.0,8.22126,8.22126,8.22126,61.0505,50.1569,50.1569,8.22126,8.22126,68.9116,68.9116,8.22126,8.22126,50.1569,50.1569,8.22126,8.22126,68.9116,68.9116,8.22126,8.22126,3,"[3, 3, 2]",0.33264667558854577,0.05619244130758708,212.35305845465962
20,10000.0,5.0,424.7061,2.0,0.001,1,1,0.0,8.22126,8.22126,50.1569,50.1569,19.8117,19.8117,8.22126,8.22126,68.9116,68.9116,8.22126,8.22126,31.6441,43.4765,8.22126,8.22126,68.9116,68.9116,8.22126,8.22126,3,"[3, 3, 2]",0.33264667558854577,0.05619244130758708,212.35305845465962
20,10000.0,5.0,1061.7653,5.0,0.001,1,1,0.0,13.1313,13.1313,212.353,68.9116,50.1569,50.1569,8.22126,8.22126,68.9116,68.9116,8.22126,8.22126,50.1569,43.4765,8.22126,8.22126,68.9116,68.9116,8.22126,8.22126,3,"[3, 3, 2]",0.33264667558854577,0.05619244130758708,212.35305845465962
20,10000.0,5.0,424.7061,2.0,0.001,1,2,0.0,8.22126,8.22126,13.1313,40.4646,19.8117,19.8117,8.22126,8.22126,68.9116,68.9116,8.22126,8.22126,31.6441,31.6441,8.22126,8.22126,68.9116,68.9116,8.22126,8.22126,3,"[3, 3, 2]",0.33264667558854577,0.05619244130758708,212.35305845465962
20,10000.0,5.0,1061.7653,5.0,0.001,1,2,0.0,8.22126,8.22126,13.1313,43.4765,50.1569,50.1569,8.22126,8.22126,68.9116,68.9116,8.22126,8.22126,50.1569,50.1569,8.22126,8.22126,68.9116,68.9116,8.22126,8.22126,3,"[3, 3, 2]",0.33264667558854577,0.05619244130758708,212.35305845465962
20,10000.0,5.0,424.7061,2.0,0.001,1,3,0.0,8.22126,8.22126,8.22126,61.0505,19.8117,19.8117,8.22126,8.22126,68.9116,68.9116,8.22126,8.22126,31.6441,50.1569,8.22126,8.22126,68.9116,68.9116,8.22126,8.22126,3,"[3, 3, 2]",0.33264667558854577,0.05619244130758708,212.35305845465962
20,10000.0,5.0,1061.7653,5.0,0.001,1,3,0.0,13.1313,13.1313,133.974,133.974,50.1569,50.1569,8.22126,8.22126,68.9116,68.9116,8.22126,8.22126,50.1569,50.1569,8.22126,8.22126,68.9116,68.9116,8.22126,8.22126,3,"[3, 3, 2]",0.33264667558854577,0.05619244130758708,212.35305845465962
20,10000.0,5.0,424.7061,2.0,0.001,1,4,0.0,8.22126,8.22126,31.6441,8.22126,19.8117,19.8117,8.22126,8.22126,68.9116,68.9116,8.22126,8.22126,31.6441,43.4765,8.22126,8.22126,68.9116,68.9116,8.22126,8.22126,3,"[3, 3, 2]",0.33264667558854577,0.05619244130758708,212.35305845465962
20,10000.0,5.0,1061.7653,5.0,0.001,1,4,0.0,8.22126,8.22126,68.9116,8.22126,50.1569,50.1569,8.22126,8.22126,68.9116,68.9116,8.22126,8.22126,50.1569,43.4765,8.22126,8.22126,68.9116,68.9116,8.22126,8.22126,3,"[3, 3, 2]",0.33264667558854577,0.05619244130758708,212.35305845465962
20,10000.0,5.0,424.7061,2.0,0.001,1,5,0.0,8.22126,8.22126,212.353,25.334,19.8117,19.8117,8.22126,8.22126,68.9116,68.9116,8.22126,8.22126,31.6441,50.1569,8.22126,8.22126,68.9116,68.9116,8.22126,8.22126,3,"[3, 3, 2]",0.33264667558854577,0.05619244130758708,212.35305845465962
20,10000.0,5.0,1061.7653,5.0,0.001,1,5,0.0,31.6441,31.6441,43.4765,43.4765,50.1569,50.1569,8.22126,8.22126,68.9116,68.9116,8.22126,8.22126,50.1569,50.1569,8.22126,8.22126,68.9116,68.9116,8.22126,8.22126,3,"[3, 3, 2]",0.33264667558854577,0.05619244130758708,212.35305845465962
20,10000.0,5.0,424.7061,2.0,0.001,1,6,0.0,8.22126,8.22126,50.1569,18.0414,19.8117,18.0414,8.22126,8.22126,68.9116,68.9116,8.22126,8.22126,31.6441,18.0414,8.22126,8.22126,68.9116,68.9116,8.22126,8.22126,3,"[3, 3, 2]",0.33264667558854577,0.05619244130758708,212.35305845465962
20,10000.0,5.0,1061.7653,5.0,0.001,1,6,0.0,8.22126,8.22126,212.353,50.1569,50.1569,50.1569,8.22126,8.22126,68.9116,68.9116,8.22126,8.22126,50.1569,50.1569,8.22126,8.22126,68.9116,68.9116,8.22126,8.22126,3,"[3, 3, 2]",0.33264667558854577,0.05619244130758708,212.35305845465962
20,10000.0,5.0,424.7061,2.0,0.001,1,7,0.0,19.8117,19.8117,19.8117,55.5951,19.8117,19.8117,8.22126,8.22126,68.9116,68.9116,8.22126,8.22126,31.6441,31.6441,8.22126,8.22126,68.9116,68.9116,8.22126,8.22126,3,"[3, 3, 2]",0.33264667558854577,0.05619244130758708,212.35305845465962
20,10000.0,5.0,1061.7653,5.0,0.001,1,7,0.0,31.4022,31.4022,31.6441,68.9116,50.1569,50.1569,8.22126,8.22126,68.9116,68.9116,8.22126,8.22126,50.1569,50.1569,8.22126,8.22126,68.9116,68.9116,8.22126,8.22126,3,"[3, 3, 2]",0.33264667558854577,0.05619244130758708,212.35305845465962
20,10000.0,5.0,424.7061,2.0,0.001,1,8,0.0,19.8117,19.8117,50.1569,18.0414,19.8117,19.8117,8.22126,8.22126,68.9116,68.9116,8.22126,8.22126,31.6441,50.1569,8.22126,8.22126,68.9116,68.9116,8.22126,8.22126,3,"[3, 3, 2]",0.33264667558854577,0.05619244130758708,212.35305845465962
20,10000.0,5.0,1061.7653,5.0,0.001,1,8,0.0,50.1569,50.1569,1061.77,18.0414,50.1569,50.1569,8.22126,8.22126,68.9116,68.9116,8.22126,8.22126,50.1569,50.1569,8.22126,8.22126,68.9116,68.9116,8.22126,8.22126,3,"[3, 3, 2]",0.33264667558854577,0.05619244130758708,212.35305845465962
20,10000.0,5.0,424.7061,2.0,0.001,1,9,0.0,50.1569,50.1569,424.706,31.4022,19.8117,19.8117,8.22126,8.22126,68.9116,68.9116,8.22126,8.22126,31.6441,50.1569,8.22126,8.22126,68.9116,68.9116,8.22126,8.22126,3,"[3, 3, 2]",0.33264667558854577,0.05619244130758708,212.35305845465962
20,10000.0,5.0,1061.7653,5.0,0.001,1,9,0.0,68.9116,68.9116,1061.77,68.9116,50.1569,50.1569,8.22126,8.22126,68.9116,68.9116,8.22126,8.22126,50.1569,50.1569,8.22126,8.22126,68.9116,68.9116,8.22126,8.22126,3,"[3, 3, 2]",0.33264667558854577,0.05619244130758708,212.35305845465962
21,10000.0,5.0,131.977,2.0,0.001,1,0,0.0,5.35224,5.35224,10.1094,8.98049,5.35224,5.35224,5.35224,5.35224,14.159,14.159,5.35224,5.35224,14.159,14.159,5.35224,5.35224,23.7572,23.7572,5.35224,5.35224,3,"[4, 2, 3]",0.5004126438635322,0.04837468702238922,65.98848144411829
21,10000.0,5.0,329.9424,5.0,0.001,1,0,0.0,14.159,14.159,23.7572,65.9885,14.159,14.159,5.35224,5.35224,14.159,14.159,5.35224,5.35224,14.159,14.159,5.35224,5.35224,23.7572,23.7572,5.35224,5.35224,3,"[4, 2, 3]",0.5004126438635322,0.04837468702238922,65.98848144411829
21,10000.0,5.0,131.977,2.0,0.001,1,1,0.0,131.977,131.977,131.977,131.977,131.977,131.977,131.977,131.977,131.977,131.977,131.977,131.977,131.977,131.977,131.977,131.977,131.977,131.977,131.977,131.977,3,"[4, 2, 3]",0.5004126438635322,0.04837468702238922,65.98848144411829
21,10000.0,5.0,329.9424,5.0,0.001,1,1,0.0,329.942,329.942,329.942,329.942,329.942,329.942,329.942,329.942,329.942,329.942,329.942,329.942,329.942,329.942,329.942,329.942,329.942,329.942,329.942,329.942,3,"[4, 2, 3]",0.5004126438635322,0.04837468702238922,65.98848144411829
21,10000.0,5.0,131.977,2.0,0.001,1,2,0.0,131.977,131.977,21.5851,12.3937,5.35224,5.35224,5.35224,5.35224,131.977,131.977,5.35224,5.35224,131.977,131.977,5.35224,5.35224,131.977,131.977,5.35224,5.35224,3,"[4, 2, 3]",0.5004126438635322,0.04837468702238922,65.98848144411829
21,10000.0,5.0,329.9424,5.0,0.001,1,2,0.0,329.942,329.942,329.942,14.6781,329.942,329.942,5.35224,5.35224,329.942,329.942,5.35224,5.35224,329.942,329.942,5.35224,5.35224,329.942,329.942,5.35224,5.35224,3,"[4, 2, 3]",0.5004126438635322,0.04837468702238922,65.98848144411829
21,10000.0,5.0,131.977,2.0,0.001,1,3,0.0,131.977,131.977,131.977,131.977,131.977,131.977,131.977,131.977,131.977,131.977,131.977,131.977,131.977,131.977,131.977,131.977,131.977,131.977,131.977,131.977,3,"[4, 2, 3]",0.5004126438635322,0.04837468702238922,65.98848144411829
21,10000.0,5.0,329.9424,5.0,0.001,1,3,0.0,329.942,329.942,329.942,329.942,329.942,329.942,329.942,329.942,329.942,329.942,329.942,329.942,329.942,329.942,329.942,329.942,329.942,329.942,329.942,329.942,3,"[4, 2, 3]",0.5004126438635322,0.04837468702238922,65.98848144411829
21,10000.0,5.0,131.977,2.0,0.001,1,4,0.0,131.977,131.977,131.977,131.977,131.977,131.977,131.977,131.977,131.977,131.977,131.977,131.977,131.977,131.977,131.977,131.977,131.977,131.977,131.977,131.977,3,"[4, 2, 3]",0.5004126438635322,0.04837468702238922,65.98848144411829
21,10000.0,5.0,329.9424,5.0,0.001,1,4,0.0,329.942,329.942,329.942,329.942,329.942,329.942,329.942,329.942,329.942,329.942,329.942,329.942,329.942,329.942,329.942,329.942,329.942,329.942,329.942,329.942,3,"[4, 2, 3]",0.5004126438635322,0.04837468702238922,65.98848144411829
21,10000.0,5.0,131.977,2.0,0.001,1,5,0.0,131.977,131.977,131.977,131.977,131.977,131.977,131.977,131.977,131.977,131.977,131.977,131.977,131.977,131.977,131.977,131.977,131.977,131.977,131.977,131.977,3,"[4, 2, 3]",0.5004126438635322,0.04837468702238922,65.98848144411829
21,10000.0,5.0,329.9424,5.0,0.001,1,5,0.0,329.942,329.942,329.942,329.942,329.942,329.942,329.942,329.942,329.942,329.942,329.942,329.942,329.942,329.942,329.942,329.942,329.942,329.942,329.942,329.942,3,"[4, 2, 3]",0.5004126438635322,0.04837468702238922,65.98848144411829
21,10000.0,5.0,131.977,2.0,0.001,1,6,0.0,5.35224,5.35224,7.77108,18.2258,5.35224,5.35224,5.35224,5.35224,14.159,14.159,5.35224,5.35224,14.159,14.159,5.35224,5.35224,131.977,131.977,5.35224,5.35224,3,"[4, 2, 3]",0.5004126438635322,0.04837468702238922,65.98848144411829
21,10000.0,5.0,329.9424,5.0,0.001,1,6,0.0,14.159,14.159,329.942,6.56166,14.159,14.159,5.35224,5.35224,14.159,14.159,5.35224,5.35224,14.159,14.159,5.35224,5.35224,329.942,329.942,5.35224,5.35224,3,"[4, 2, 3]",0.5004126438635322,0.04837468702238922,65.98848144411829
21,10000.0,5.0,131.977,2.0,0.001,1,7,0.0,5.35224,5.35224,131.977,131.977,5.35224,5.35224,5.35224,5.35224,131.977,131.977,5.35224,5.35224,131.977,131.977,5.35224,5.35224,131.977,131.977,5.35224,5.35224,3,"[4, 2, 3]",0.5004126438635322,0.04837468702238922,65.98848144411829
21,10000.0,5.0,329.9424,5.0,0.001,1,7,0.0,5.35224,5.35224,329.942,329.942,329.942,329.942,5.35224,5.35224,329.942,329.942,5.35224,5.35224,329.942,329.942,5.35224,5.35224,329.942,329.942,5.35224,5.35224,3,"[4, 2, 3]",0.5004126438635322,0.04837468702238922,65.98848144411829
21,10000.0,5.0,131.977,2.0,0.001,1,8,0.0,131.977,131.977,131.977,131.977,131.977,131.977,131.977,131.977,131.977,131.977,131.977,131.977,131.977,131.977,131.977,131.977,131.977,131.977,131.977,131.977,3,"[4, 2, 3]",0.5004126438635322,0.04837468702238922,65.98848144411829
21,10000.0,5.0,329.9424,5.0,0.001,1,8,0.0,329.942,329.942,329.942,329.942,329.942,329.942,329.942,329.942,329.942,329.942,329.942,329.942,329.942,329.942,329.942,329.942,329.942,329.942,329.942,329.942,3,"[4, 2, 3]",0.5004126438635322,0.04837468702238922,65.98848144411829
21,10000.0,5.0,131.977,2.0,0.001,1,9,0.0,131.977,131.977,131.977,131.977,131.977,131.977,131.977,131.977,131.977,131.977,131.977,131.977,131.977,131.977,131.977,131.977,131.977,131.977,131.977,131.977,3,"[4, 2, 3]",0.5004126438635322,0.04837468702238922,65.98848144411829
21,10000.0,5.0,329.9424,5.0,0.001,1,9,0.0,329.942,329.942,329.942,329.942,329.942,329.942,329.942,329.942,329.942,329.942,329.942,329.942,329.942,329.942,329.942,329.942,329.942,329.942,329.942,329.942,3,"[4, 2, 3]",0.5004126438635322,0.04837468702238922,65.98848144411829
22,10000.0,5.0,108.3442,2.0,0.001,1,0,0.0,7.14685,7.14685,14.4448,14.4448,7.14685,7.14685,7.14685,7.14685,7.14685,7.14685,7.14685,7.14685,7.14685,7.14685,7.14685,7.14685,7.14685,7.14685,7.14685,7.14685,2,"[3, 4]",0.5696820871151775,0.1791022069018475,54.172110521916
22,10000.0,5.0,270.8606,5.0,0.001,1,0,0.0,7.14685,7.14685,10.7958,14.4448,7.14685,7.14685,7.14685,7.14685,7.14685,7.14685,7.14685,7.14685,7.14685,7.14685,7.14685,7.14685,7.14685,7.14685,7.14685,7.14685,2,"[3, 4]",0.5696820871151775,0.1791022069018475,54.172110521916
22,10000.0,5.0,108.3442,2.0,0.001,1,1,0.0,7.14685,7.14685,26.8027,7.14685,7.14685,7.14685,7.14685,7.14685,7.14685,7.14685,7.14685,7.14685,7.14685,7.14685,7.14685,7.14685,7.14685,7.14685,7.14685,7.14685,2,"[3, 4]",0.5696820871151775,0.1791022069018475,54.172110521916
22,10000.0,5.0,270.8606,5.0,0.001,1,1,0.0,7.14685,7.14685,40.9297,14.4448,7.14685,7.14685,7.14685,7.14685,7.14685,7.14685,7.14685,7.14685,7.14685,7.14685,7.14685,7.14685,7.14685,7.14685,7.14685,7.14685,2,"[3, 4]",0.5696820871151775,0.1791022069018475,54.172110521916
22,10000.0,5.0,108.3442,2.0,0.001,1,2,0.0,7.14685,7.14685,20.2508,7.14685,7.14685,7.14685,7.14685,7.14685,7.14685,7.14685,7.14685,7.14685,7.14685,7.14685,7.14685,7.14685,7.14685,7.14685,7.14685,7.14685,2,"[3, 4]",0.5696820871151775,0.1791022069018475,54.172110521916
22,10000.0,5.0,270.8606,5.0,0.001,1,2,0.0,7.14685,7.14685,27.6872,30.5902,7.14685,7.14685,7.14685,7.14685,7.14685,7.14685,7.14685,7.14685,7.14685,7.14685,7.14685,7.14685,7.14685,7.14685,7.14685,7.14685,2,"[3, 4]",0.5696820871151775,0.1791022069018475,54.172110521916
22,10000.0,5.0,108.3442,2.0,0.001,1,3,0.0,7.14685,7.14685,40.9297,10.7958,7.14685,7.14685,7.14685,7.14685,7.14685,7.14685,7.14685,7.14685,7.14685,7.14685,7.14685,7.14685,7.14685,7.14685,7.14685,7.14685,2,"[3, 4]",0.5696820871151775,0.1791022069018475,54.172110521916
22,10000.0,5.0,270.8606,5.0,0.001,1,3,0.0,7.14685,7.14685,13.6988,27.6872,7.14685,7.14685,7.14685,7.14685,7.14685,7.14685,7.14685,7.14685,7.14685,7.14685,7.14685,7.14685,7.14685,7.14685,7.14685,7.14685,2,"[3, 4]",0.5696820871151775,0.1791022069018475,54.172110521916
22,10000.0,5.0,108.3442,2.0,0.001,1,4,0.0,7.14685,7.14685,30.5902,14.4448,7.14685,7.14685,7.14685,7.14685,7.14685,7.14685,7.14685,7.14685,7.14685,7.14685,7.14685,7.14685,7.14685,7.14685,7.14685,7.14685,2,"[3, 4]",0.5696820871151775,0.1791022069018475,54.172110521916
22,10000.0,5.0,270.8606,5.0,0.001,1,4,0.0,7.14685,7.14685,26.8027,10.7958,7.14685,7.14685,7.14685,7.14685,7.14685,7.14685,7.14685,7.14685,7.14685,7.14685,7.14685,7.14685,7.14685,7.14685,7.14685,7.14685,2,"[3, 4]",0.5696820871151775,0.1791022069018475,54.172110521916
22,10000.0,5.0,108.3442,2.0,0.001,1,5,0.0,7.14685,7.14685,54.1721,20.693,7.14685,7.14685,7.14685,7.14685,7.14685,7.14685,7.14685,7.14685,7.14685,7.14685,7.14685,7.14685,7.14685,7.14685,7.14685,7.14685,2,"[3, 4]",0.5696820871151775,0.1791022069018475,54.172110521916
22,10000.0,5.0,270.8606,5.0,0.001,1,5,0.0,7.14685,7.14685,10.7958,7.14685,7.14685,7.14685,7.14685,7.14685,7.14685,7.14685,7.14685,7.14685,7.14685,7.14685,7.14685,7.14685,7.14685,7.14685,7.14685,7.14685,2,"[3, 4]",0.5696820871151775,0.1791022069018475,54.172110521916
22,10000.0,5.0,108.3442,2.0,0.001,1,6,0.0,7.14685,7.14685,40.4874,30.5902,7.14685,7.14685,7.14685,7.14685,7.14685,7.14685,7.14685,7.14685,7.14685,7.14685,7.14685,7.14685,7.14685,7.14685,7.14685,7.14685,2,"[3, 4]",0.5696820871151775,0.1791022069018475,54.172110521916
22,10000.0,5.0,270.8606,5.0,0.001,1,6,0.0,7.14685,7.14685,40.4874,7.14685,7.14685,7.14685,7.14685,7.14685,7.14685,7.14685,7.14685,7.14685,7.14685,7.14685,7.14685,7.14685,7.14685,7.14685,7.14685,7.14685,2,"[3, 4]",0.5696820871151775,0.1791022069018475,54.172110521916
22,10000.0,5.0,108.3442,2.0,0.001,1,7,0.0,7.14685,7.14685,40.4874,10.7958,7.14685,7.14685,7.14685,7.14685,7.14685,7.14685,7.14685,7.14685,7.14685,7.14685,7.14685,7.14685,7.14685,7.14685,7.14685,7.14685,2,"[3, 4]",0.5696820871151775,0.1791022069018475,54.172110521916
22,10000.0,5.0,270.8606,5.0,0.001,1,7,0.0,7.14685,7.14685,27.6872,40.9297,7.14685,7.14685,7.14685,7.14685,7.14685,7.14685,7.14685,7.14685,7.14685,7.14685,7.14685,7.14685,7.14685,7.14685,7.14685,7.14685,2,"[3, 4]",0.5696820871151775,0.1791022069018475,54.172110521916
22,10000.0,5.0,108.3442,2.0,0.001,1,8,0.0,7.14685,7.14685,7.14685,13.6988,7.14685,7.14685,7.14685,7.14685,7.14685,7.14685,7.14685,7.14685,7.14685,7.14685,7.14685,7.14685,7.14685,7.14685,7.14685,7.14685,2,"[3, 4]",0.5696820871151775,0.1791022069018475,54.172110521916
22,10000.0,5.0,270.8606,5.0,0.001,1,8,0.0,7.14685,7.14685,40.4874,40.4874,7.14685,7.14685,7.14685,7.14685,7.14685,7.14685,7.14685,7.14685,7.14685,7.14685,7.14685,7.14685,7.14685,7.14685,7.14685,7.14685,2,"[3, 4]",0.5696820871151775,0.1791022069018475,54.172110521916
22,10000.0,5.0,108.3442,2.0,0.001,1,9,0.0,7.14685,7.14685,30.5902,7.14685,7.14685,7.14685,7.14685,7.14685,7.14685,7.14685,7.14685,7.14685,7.14685,7.14685,7.14685,7.14685,7.14685,7.14685,7.14685,7.14685,2,"[3, 4]",0.5696820871151775,0.1791022069018475,54.172110521916
22,10000.0,5.0,270.8606,5.0,0.001,1,9,0.0,7.14685,7.14685,10.7958,7.14685,7.14685,7.14685,7.14685,7.14685,7.14685,7.14685,7.14685,7.14685,7.14685,7.14685,7.14685,7.14685,7.14685,7.14685,7.14685,7.14685,2,"[3, 4]",0.5696820871151775,0.1791022069018475,54.172110521916
23,10000.0,5.0,291.8956,2.0,0.001,1,0,0.0,21.123,21.123,76.1911,43.6181,26.8658,26.8658,291.896,291.896,76.1911,76.1911,15.3802,15.3802,26.8658,26.8658,291.896,291.896,145.948,145.948,291.896,291.896,3,"[2, 4, 2]",0.35110375759557183,0.01565632081687322,145.94780648962737
23,10000.0,5.0,729.739,5.0,0.001,1,0,0.0,21.123,21.123,114.75,51.4627,26.8658,26.8658,729.739,729.739,76.1911,76.1911,15.3802,15.3802,26.8658,26.8658,729.739,729.739,145.948,145.948,729.739,729.739,3,"[2, 4, 2]",0.35110375759557183,0.01565632081687322,145.94780648962737
23,10000.0,5.0,291.8956,2.0,0.001,1,1,0.0,21.123,21.123,52.3549,83.5525,26.8658,26.8658,9.63738,9.63738,76.1911,76.1911,15.3802,15.3802,26.8658,26.8658,9.63738,9.63738,145.948,145.948,9.63738,9.63738,3,"[2, 4, 2]",0.35110375759557183,0.01565632081687322,145.94780648962737
23,10000.0,5.0,729.739,5.0,0.001,1,1,0.0,21.123,21.123,52.3549,52.3549,26.8658,26.8658,9.63738,9.63738,76.1911,76.1911,15.3802,15.3802,26.8658,26.8658,9.63738,9.63738,145.948,145.948,9.63738,9.63738,3,"[2, 4, 2]",0.35110375759557183,0.01565632081687322,145.94780648962737
23,10000.0,5.0,291.8956,2.0,0.001,1,2,0.0,21.123,21.123,76.1911,40.4621,26.8658,26.8658,9.63738,9.63738,76.1911,76.1911,15.3802,15.3802,26.8658,26.8658,9.63738,9.63738,145.948,145.948,9.63738,9.63738,3,"[2, 4, 2]",0.35110375759557183,0.01565632081687322,145.94780648962737
23,10000.0,5.0,729.739,5.0,0.001,1,2,0.0,21.123,21.123,26.8658,76.1911,26.8658,26.8658,9.63738,9.63738,76.1911,76.1911,15.3802,15.3802,26.8658,26.8658,9.63738,9.63738,145.948,145.948,9.63738,9.63738,3,"[2, 4, 2]",0.35110375759557183,0.01565632081687322,145.94780648962737
23,10000.0,5.0,291.8956,2.0,0.001,1,3,0.0,21.123,21.123,114.75,40.4621,26.8658,26.8658,291.896,291.896,76.1911,76.1911,15.3802,15.3802,26.8658,26.8658,291.896,291.896,145.948,145.948,291.896,291.896,3,"[2, 4, 2]",0.35110375759557183,0.01565632081687322,145.94780648962737
23,10000.0,5.0,729.739,5.0,0.001,1,3,0.0,21.123,21.123,40.4621,145.948,26.8658,26.8658,729.739,729.739,76.1911,76.1911,15.3802,15.3802,26.8658,26.8658,729.739,729.739,145.948,145.948,729.739,729.739,3,"[2, 4, 2]",0.35110375759557183,0.01565632081687322,145.94780648962737
23,10000.0,5.0,291.8956,2.0,0.001,1,4,0.0,21.123,21.123,114.75,51.4627,26.8658,26.8658,9.63738,9.63738,76.1911,76.1911,15.3802,15.3802,26.8658,26.8658,9.63738,9.63738,145.948,145.948,9.63738,9.63738,3,"[2, 4, 2]",0.35110375759557183,0.01565632081687322,145.94780648962737
23,10000.0,5.0,729.739,5.0,0.001,1,4,0.0,26.8658,26.8658,51.4627,29.4615,26.8658,26.8658,9.63738,9.63738,76.1911,76.1911,15.3802,15.3802,26.8658,26.8658,9.63738,9.63738,145.948,145.948,9.63738,9.63738,3,"[2, 4, 2]",0.35110375759557183,0.01565632081687322,145.94780648962737
23,10000.0,5.0,291.8956,2.0,0.001,1,5,0.0,15.3802,15.3802,51.4627,291.896,26.8658,26.8658,291.896,291.896,76.1911,76.1911,15.3802,15.3802,26.8658,26.8658,291.896,291.896,145.948,145.948,291.896,291.896,3,"[2, 4, 2]",0.35110375759557183,0.01565632081687322,145.94780648962737
23,10000.0,5.0,729.739,5.0,0.001,1,5,0.0,21.123,21.123,729.739,729.739,26.8658,26.8658,729.739,729.739,76.1911,76.1911,15.3802,15.3802,26.8658,26.8658,729.739,729.739,145.948,145.948,729.739,729.739,3,"[2, 4, 2]",0.35110375759557183,0.01565632081687322,145.94780648962737
23,10000.0,5.0,291.8956,2.0,0.001,1,6,0.0,26.8658,26.8658,114.75,43.6181,26.8658,26.8658,9.63738,9.63738,76.1911,76.1911,15.3802,15.3802,26.8658,26.8658,9.63738,9.63738,145.948,145.948,9.63738,9.63738,3,"[2, 4, 2]",0.35110375759557183,0.01565632081687322,145.94780648962737
23,10000.0,5.0,729.739,5.0,0.001,1,6,0.0,26.8658,26.8658,76.1911,76.1911,26.8658,26.8658,9.63738,9.63738,76.1911,76.1911,15.3802,15.3802,26.8658,26.8658,9.63738,9.63738,145.948,145.948,9.63738,9.63738,3,"[2, 4, 2]",0.35110375759557183,0.01565632081687322,145.94780648962737
23,10000.0,5.0,291.8956,2.0,0.001,1,7,0.0,26.8658,26.8658,76.1911,291.896,26.8658,26.8658,291.896,291.896,76.1911,76.1911,291.896,291.896,26.8658,26.8658,291.896,291.896,145.948,145.948,291.896,291.896,3,"[2, 4, 2]",0.35110375759557183,0.01565632081687322,145.94780648962737
23,10000.0,5.0,729.739,5.0,0.001,1,7,0.0,21.123,21.123,145.948,76.1911,26.8658,26.8658,729.739,729.739,76.1911,76.1911,729.739,729.739,26.8658,26.8658,729.739,729.739,145.948,145.948,729.739,729.739,3,"[2, 4, 2]",0.35110375759557183,0.01565632081687322,145.94780648962737
23,10000.0,5.0,291.8956,2.0,0.001,1,8,0.0,26.8658,26.8658,40.4621,27.3315,26.8658,26.8658,9.63738,9.63738,76.1911,76.1911,15.3802,15.3802,26.8658,26.8658,9.63738,9.63738,145.948,145.948,9.63738,9.63738,3,"[2, 4, 2]",0.35110375759557183,0.01565632081687322,145.94780648962737
23,10000.0,5.0,729.739,5.0,0.001,1,8,0.0,26.8658,26.8658,59.9046,76.1911,26.8658,26.8658,9.63738,9.63738,76.1911,76.1911,15.3802,15.3802,26.8658,26.8658,9.63738,9.63738,145.948,145.948,9.63738,9.63738,3,"[2, 4, 2]",0.35110375759557183,0.01565632081687322,145.94780648962737
23,10000.0,5.0,291.8956,2.0,0.001,1,9,0.0,76.1911,76.1911,291.896,76.1911,291.896,291.896,291.896,291.896,76.1911,76.1911,15.3802,15.3802,291.896,291.896,291.896,291.896,145.948,145.948,291.896,291.896,3,"[2, 4, 2]",0.35110375759557183,0.01565632081687322,145.94780648962737
23,10000.0,5.0,729.739,5.0,0.001,1,9,0.0,76.1911,76.1911,83.5525,76.1911,729.739,729.739,729.739,729.739,76.1911,76.1911,15.3802,15.3802,729.739,729.739,729.739,729.739,145.948,145.948,729.739,729.739,3,"[2, 4, 2]",0.35110375759557183,0.01565632081687322,145.94780648962737
24,10000.0,5.0,47.9522,2.0,0.001,1,0,0.0,6.51675,6.51675,13.5221,3.67533,3.67533,3.67533,3.67533,3.67533,6.51675,6.51675,3.67533,3.67533,3.67533,3.67533,3.67533,3.67533,23.9761,23.9761,3.67533,3.67533,2,"[2, 2]",0.6938526696409807,0.15990032425553294,23.976098041104
24,10000.0,5.0,119.8805,5.0,0.001,1,0,0.0,6.51675,6.51675,23.9761,6.51675,3.67533,3.67533,3.67533,3.67533,6.51675,6.51675,3.67533,3.67533,3.67533,3.67533,3.67533,3.67533,23.9761,23.9761,3.67533,3.67533,2,"[2, 2]",0.6938526696409807,0.15990032425553294,23.976098041104
24,10000.0,5.0,47.9522,2.0,0.001,1,1,0.0,3.67533,3.67533,13.5221,6.51675,3.67533,3.67533,3.67533,3.67533,6.51675,6.51675,3.67533,3.67533,3.67533,3.67533,3.67533,3.67533,23.9761,23.9761,3.67533,3.67533,2,"[2, 2]",0.6938526696409807,0.15990032425553294,23.976098041104
24,10000.0,5.0,119.8805,5.0,0.001,1,1,0.0,3.67533,3.67533,3.67533,3.67533,3.67533,3.67533,3.67533,3.67533,6.51675,6.51675,3.67533,3.67533,3.67533,3.67533,3.67533,3.67533,23.9761,23.9761,3.67533,3.67533,2,"[2, 2]",0.6938526696409807,0.15990032425553294,23.976098041104
24,10000.0,5.0,47.9522,2.0,0.001,1,2,0.0,3.67533,3.67533,3.67533,6.51675,3.67533,3.67533,3.67533,3.67533,6.51675,6.51675,3.67533,3.67533,3.67533,3.67533,3.67533,3.67533,23.9761,23.9761,3.67533,3.67533,2,"[2, 2]",0.6938526696409807,0.15990032425553294,23.976098041104
24,10000.0,5.0,119.8805,5.0,0.001,1,2,0.0,3.67533,3.67533,6.51675,6.51675,3.67533,3.67533,3.67533,3.67533,6.51675,6.51675,3.67533,3.67533,3.67533,3.67533,3.67533,3.67533,23.9761,23.9761,3.67533,3.67533,2,"[2, 2]",0.6938526696409807,0.15990032425553294,23.976098041104
24,10000.0,5.0,47.9522,2.0,0.001,1,3,0.0,3.67533,3.67533,6.51675,13.5221,3.67533,3.67533,3.67533,3.67533,6.51675,6.51675,3.67533,3.67533,3.67533,3.67533,3.67533,3.67533,23.9761,23.9761,3.67533,3.67533,2,"[2, 2]",0.6938526696409807,0.15990032425553294,23.976098041104
24,10000.0,5.0,119.8805,5.0,0.001,1,3,0.0,3.67533,3.67533,3.67533,3.67533,3.67533,3.67533,3.67533,3.67533,6.51675,6.51675,3.67533,3.67533,3.67533,3.67533,3.67533,3.67533,23.9761,23.9761,3.67533,3.67533,2,"[2, 2]",0.6938526696409807,0.15990032425553294,23.976098041104
24,10000.0,5.0,47.9522,2.0,0.001,1,4,0.0,3.67533,3.67533,13.5221,3.67533,3.67533,3.67533,3.67533,3.67533,6.51675,6.51675,3.67533,3.67533,3.67533,3.67533,3.67533,3.67533,23.9761,23.9761,3.67533,3.67533,2,"[2, 2]",0.6938526696409807,0.15990032425553294,23.976098041104
24,10000.0,5.0,119.8805,5.0,0.001,1,4,0.0,3.67533,3.67533,6.51675,13.5221,3.67533,3.67533,3.67533,3.67533,6.51675,6.51675,3.67533,3.67533,3.67533,3.67533,3.67533,3.67533,23.9761,23.9761,3.67533,3.67533,2,"[2, 2]",0.6938526696409807,0.15990032425553294,23.976098041104
24,10000.0,5.0,47.9522,2.0,0.001,1,5,0.0,3.67533,3.67533,23.9761,3.67533,3.67533,3.67533,3.67533,3.67533,6.51675,6.51675,3.67533,3.67533,3.67533,3.67533,3.67533,3.67533,23.9761,23.9761,3.67533,3.67533,2,"[2, 2]",0.6938526696409807,0.15990032425553294,23.976098041104
24,10000.0,5.0,119.8805,5.0,0.001,1,5,0.0,3.67533,3.67533,119.88,3.67533,3.67533,3.67533,3.67533,3.67533,6.51675,6.51675,3.67533,3.67533,3.67533,3.67533,3.67533,3.67533,23.9761,23.9761,3.67533,3.67533,2,"[2, 2]",0.6938526696409807,0.15990032425553294,23.976098041104
24,10000.0,5.0,47.9522,2.0,0.001,1,6,0.0,3.67533,3.67533,6.51675,3.67533,3.67533,3.67533,3.67533,3.67533,6.51675,6.51675,3.67533,3.67533,3.67533,3.67533,3.67533,3.67533,47.9522,47.9522,3.67533,3.67533,2,"[2, 2]",0.6938526696409807,0.15990032425553294,23.976098041104
24,10000.0,5.0,119.8805,5.0,0.001,1,6,0.0,3.67533,3.67533,6.51675,119.88,3.67533,3.67533,3.67533,3.67533,6.51675,6.51675,3.67533,3.67533,3.67533,3.67533,3.67533,3.67533,119.88,119.88,3.67533,3.67533,2,"[2, 2]",0.6938526696409807,0.15990032425553294,23.976098041104
24,10000.0,5.0,47.9522,2.0,0.001,1,7,0.0,3.67533,3.67533,6.51675,3.67533,3.67533,3.67533,3.67533,3.67533,6.51675,6.51675,3.67533,3.67533,3.67533,3.67533,3.67533,3.67533,23.9761,23.9761,3.67533,3.67533,2,"[2, 2]",0.6938526696409807,0.15990032425553294,23.976098041104
24,10000.0,5.0,119.8805,5.0,0.001,1,7,0.0,3.67533,3.67533,13.5221,3.67533,3.67533,3.67533,3.67533,3.67533,6.51675,6.51675,3.67533,3.67533,3.67533,3.67533,3.67533,3.67533,23.9761,23.9761,3.67533,3.67533,2,"[2, 2]",0.6938526696409807,0.15990032425553294,23.976098041104
24,10000.0,5.0,47.9522,2.0,0.001,1,8,0.0,3.67533,3.67533,6.51675,23.9761,3.67533,3.67533,3.67533,3.67533,6.51675,6.51675,3.67533,3.67533,3.67533,3.67533,3.67533,3.67533,23.9761,23.9761,3.67533,3.67533,2,"[2, 2]",0.6938526696409807,0.15990032425553294,23.976098041104
24,10000.0,5.0,119.8805,5.0,0.001,1,8,0.0,3.67533,3.67533,3.67533,6.51675,3.67533,3.67533,3.67533,3.67533,6.51675,6.51675,3.67533,3.67533,3.67533,3.67533,3.67533,3.67533,23.9761,23.9761,3.67533,3.67533,2,"[2, 2]",0.6938526696409807,0.15990032425553294,23.976098041104
24,10000.0,5.0,47.9522,2.0,0.001,1,9,0.0,3.67533,3.67533,3.67533,3.67533,3.67533,3.67533,3.67533,3.67533,6.51675,6.51675,3.67533,3.67533,3.67533,3.67533,3.67533,3.67533,23.9761,23.9761,3.67533,3.67533,2,"[2, 2]",0.6938526696409807,0.15990032425553294,23.976098041104
24,10000.0,5.0,119.8805,5.0,0.001,1,9,0.0,3.67533,3.67533,6.51675,6.51675,3.67533,3.67533,3.67533,3.67533,6.51675,6.51675,3.67533,3.67533,3.67533,3.67533,3.67533,3.67533,23.9761,23.9761,3.67533,3.67533,2,"[2, 2]",0.6938526696409807,0.15990032425553294,23.976098041104
25,10000.0,5.0,360.0273,2.0,0.001,1,0,0.0,360.027,360.027,360.027,360.027,360.027,360.027,360.027,360.027,360.027,360.027,360.027,360.027,360.027,360.027,360.027,360.027,360.027,360.027,360.027,360.027,3,"[4, 4, 3]",0.46116132379309804,0.019140974257630044,180.01362694155253
25,10000.0,5.0,900.0681,5.0,0.001,1,0,0.0,900.068,900.068,900.068,900.068,900.068,900.068,900.068,900.068,900.068,900.068,900.068,900.068,900.068,900.068,900.068,900.068,900.068,900.068,900.068,900.068,3,"[4, 4, 3]",0.46116132379309804,0.019140974257630044,180.01362694155253
25,10000.0,5.0,360.0273,2.0,0.001,1,1,0.0,22.8493,22.8493,134.547,70.4903,22.8493,22.8493,360.027,360.027,43.6131,43.6131,22.8493,22.8493,22.8493,22.8493,360.027,360.027,43.6131,43.6131,22.8493,15.7722,3,"[4, 4, 3]",0.46116132379309804,0.019140974257630044,180.01362694155253
25,10000.0,5.0,900.0681,5.0,0.001,1,1,0.0,22.8493,22.8493,15.7722,91.8425,29.7706,29.7706,900.068,900.068,43.6131,43.6131,22.8493,22.8493,29.7706,29.7706,900.068,900.068,43.6131,43.6131,22.8493,15.7722,3,"[4, 4, 3]",0.46116132379309804,0.019140974257630044,180.01362694155253
25,10000.0,5.0,360.0273,2.0,0.001,1,2,0.0,22.8493,22.8493,360.027,360.027,22.8493,22.8493,360.027,360.027,43.6131,43.6131,22.8493,22.8493,22.8493,22.8493,360.027,360.027,43.6131,43.6131,22.8493,360.027,3,"[4, 4, 3]",0.46116132379309804,0.019140974257630044,180.01362694155253
25,10000.0,5.0,900.0681,5.0,0.001,1,2,0.0,22.8493,22.8493,900.068,900.068,29.7706,29.7706,900.068,900.068,43.6131,43.6131,22.8493,22.8493,29.7706,29.7706,900.068,900.068,43.6131,43.6131,22.8493,900.068,3,"[4, 4, 3]",0.46116132379309804,0.019140974257630044,180.01362694155253
25,10000.0,5.0,360.0273,2.0,0.001,1,3,0.0,22.8493,22.8493,13.9627,11.3289,22.8493,22.8493,8.69508,8.69508,43.6131,43.6131,22.8493,22.8493,22.8493,22.8493,8.69508,8.69508,43.6131,43.6131,22.8493,22.8493,3,"[4, 4, 3]",0.46116132379309804,0.019140974257630044,180.01362694155253
25,10000.0,5.0,900.0681,5.0,0.001,1,3,0.0,22.8493,22.8493,70.4903,900.068,29.7706,29.7706,8.69508,8.69508,43.6131,43.6131,22.8493,22.8493,29.7706,29.7706,8.69508,8.69508,43.6131,43.6131,22.8493,22.8493,3,"[4, 4, 3]",0.46116132379309804,0.019140974257630044,180.01362694155253
25,10000.0,5.0,360.0273,2.0,0.001,1,4,0.0,22.8493,22.8493,89.08,89.08,22.8493,22.8493,360.027,360.027,43.6131,43.6131,22.8493,22.8493,22.8493,22.8493,360.027,360.027,43.6131,43.6131,22.8493,22.8493,3,"[4, 4, 3]",0.46116132379309804,0.019140974257630044,180.01362694155253
25,10000.0,5.0,900.0681,5.0,0.001,1,4,0.0,36.6919,36.6919,900.068,900.068,29.7706,29.7706,900.068,900.068,43.6131,43.6131,22.8493,22.8493,29.7706,29.7706,900.068,900.068,43.6131,43.6131,22.8493,22.8493,3,"[4, 4, 3]",0.46116132379309804,0.019140974257630044,180.01362694155253
25,10000.0,5.0,360.0273,2.0,0.001,1,5,0.0,22.8493,22.8493,51.7311,113.195,22.8493,22.8493,360.027,360.027,43.6131,43.6131,22.8493,22.8493,22.8493,22.8493,360.027,360.027,43.6131,43.6131,22.8493,15.7722,3,"[4, 4, 3]",0.46116132379309804,0.019140974257630044,180.01362694155253
25,10000.0,5.0,900.0681,5.0,0.001,1,5,0.0,22.8493,22.8493,900.068,900.068,29.7706,29.7706,900.068,900.068,43.6131,43.6131,22.8493,22.8493,29.7706,29.7706,900.068,900.068,43.6131,43.6131,22.8493,15.7722,3,"[4, 4, 3]",0.46116132379309804,0.019140974257630044,180.01362694155253
25,10000.0,5.0,360.0273,2.0,0.001,1,6,0.0,22.8493,22.8493,8.69508,360.027,22.8493,22.8493,8.69508,8.69508,43.6131,43.6131,22.8493,22.8493,22.8493,22.8493,8.69508,8.69508,43.6131,43.6131,22.8493,15.7722,3,"[4, 4, 3]",0.46116132379309804,0.019140974257630044,180.01362694155253
25,10000.0,5.0,900.0681,5.0,0.001,1,6,0.0,22.8493,22.8493,104.539,900.068,29.7706,29.7706,8.69508,8.69508,43.6131,43.6131,22.8493,22.8493,29.7706,29.7706,8.69508,8.69508,43.6131,43.6131,22.8493,15.7722,3,"[4, 4, 3]",0.46116132379309804,0.019140974257630044,180.01362694155253
25,10000.0,5.0,360.0273,2.0,0.001,1,7,0.0,22.8493,22.8493,11.3289,84.8192,22.8493,22.8493,8.69508,8.69508,43.6131,43.6131,22.8493,22.8493,22.8493,22.8493,8.69508,8.69508,43.6131,43.6131,22.8493,22.8493,3,"[4, 4, 3]",0.46116132379309804,0.019140974257630044,180.01362694155253
25,10000.0,5.0,900.0681,5.0,0.001,1,7,0.0,29.7706,29.7706,22.8493,151.446,29.7706,29.7706,8.69508,8.69508,43.6131,43.6131,22.8493,22.8493,29.7706,29.7706,8.69508,8.69508,43.6131,43.6131,22.8493,22.8493,3,"[4, 4, 3]",0.46116132379309804,0.019140974257630044,180.01362694155253
25,10000.0,5.0,360.0273,2.0,0.001,1,8,0.0,22.8493,22.8493,151.446,360.027,22.8493,22.8493,360.027,360.027,43.6131,43.6131,22.8493,22.8493,22.8493,22.8493,360.027,360.027,43.6131,43.6131,22.8493,22.8493,3,"[4, 4, 3]",0.46116132379309804,0.019140974257630044,180.01362694155253
25,10000.0,5.0,900.0681,5.0,0.001,1,8,0.0,36.6919,36.6919,13.9627,900.068,29.7706,29.7706,900.068,900.068,43.6131,43.6131,22.8493,22.8493,29.7706,29.7706,900.068,900.068,43.6131,43.6131,22.8493,22.8493,3,"[4, 4, 3]",0.46116132379309804,0.019140974257630044,180.01362694155253
25,10000.0,5.0,360.0273,2.0,0.001,1,9,0.0,36.6919,36.6919,20.5497,360.027,22.8493,22.8493,360.027,360.027,43.6131,43.6131,22.8493,22.8493,22.8493,22.8493,360.027,22.8493,43.6131,43.6131,22.8493,22.8493,3,"[4, 4, 3]",0.46116132379309804,0.019140974257630044,180.01362694155253
25,10000.0,5.0,900.0681,5.0,0.001,1,9,0.0,43.6131,43.6131,900.068,900.068,29.7706,29.7706,900.068,900.068,43.6131,43.6131,22.8493,22.8493,29.7706,29.7706,900.068,22.8493,43.6131,43.6131,22.8493,22.8493,3,"[4, 4, 3]",0.46116132379309804,0.019140974257630044,180.01362694155253
